Barcode,capsule_zones
AAAGACCCAAGTCGCG-1,capsule_zones
AAAGTCACTGATGTAA-1,capsule_zones
AAATCGTGTACCACAA-1,capsule_zones
AACAGGATGGGCCGCG-1,capsule_zones
AACCATGGGATCGCTA-1,capsule_zones
AATCCAAGGGCCTGAG-1,capsule_zones
ACAACGGTCCCTGCGA-1,capsule_zones
ACAAGGACAAGAGGTT-1,capsule_zones
ACACCCGAGAAATCCG-1,capsule_zones
ACCGAAAGGGCCCTGC-1,capsule_zones
ACGGAATTTAGCAAAT-1,capsule_zones
ACGTTAGATTTGCCCG-1,capsule_zones
ACGTTCCGCGCTCCGT-1,capsule_zones
ACTGTATACGCGAGCA-1,capsule_zones
ACTGTGCTAGTAGATC-1,capsule_zones
ACTTAGTACGACAAGA-1,capsule_zones
ACTTATTAGGATCGGT-1,capsule_zones
AGATAACTTCAGGGCC-1,capsule_zones
AGATACGACTTCATAT-1,capsule_zones
AGCGGGAAGGGTCCAT-1,capsule_zones
AGGCTATGGTTAGCTT-1,capsule_zones
AGGGCGTGATCGGCTA-1,capsule_zones
AGGTAACCTCCTATTC-1,capsule_zones
AGTAGGTAACATACAT-1,capsule_zones
AGTATAATACTAGGCA-1,capsule_zones
AGTCAACACCACCATC-1,capsule_zones
AGTCAGCCACCGCCTG-1,capsule_zones
AGTTAAACACTTGCGA-1,capsule_zones
ATAAACGGACCCGTAA-1,capsule_zones
ATACCAGGCTAATAGA-1,capsule_zones
ATAGTGAAGCGTTCTC-1,capsule_zones
ATCCAGGATTCGTGAA-1,capsule_zones
ATGAGGAGTGTTAATC-1,capsule_zones
ATGATGCAATGGTACA-1,capsule_zones
ATGTTACGAGCAATAC-1,capsule_zones
ATTAAACATGCGGACC-1,capsule_zones
ATTCATATACTGTCCA-1,capsule_zones
ATTCTCGTCTCTTTAG-1,capsule_zones
ATTGGGAATATCTTGG-1,capsule_zones
ATTTACAGTTTACTGG-1,capsule_zones
CAAACGGTCGCACTTT-1,capsule_zones
CAAATGTCCTTCCGTG-1,capsule_zones
CAAGTGAACTTTGGTT-1,capsule_zones
CAATCCTGCCGTGGAG-1,capsule_zones
CACAATGAGCTGCTAT-1,capsule_zones
CACCCACACGTCACCC-1,capsule_zones
CAGCTCGTGCTTGTGT-1,capsule_zones
CAGGCCGTTTGGGTGT-1,capsule_zones
CATACAAAGCCGAACC-1,capsule_zones
CATACTATGTAATTGT-1,capsule_zones
CATCGCCCGCGGCCAA-1,capsule_zones
CATCGGACGGGTTAAT-1,capsule_zones
CATGAACCGACATTTG-1,capsule_zones
CATTTCTAGCAGACTA-1,capsule_zones
CCAAGGAACAGAGAGG-1,capsule_zones
CCAATGTCACAGCAAG-1,capsule_zones
CCACACTGAGATATTA-1,capsule_zones
CCAGCTACGCCTCATA-1,capsule_zones
CCATCCATACCAAGTC-1,capsule_zones
CCATTAGCGATAATCC-1,capsule_zones
CCCGCCATGCTCCCGT-1,capsule_zones
CCCTCATTCTGGAATT-1,capsule_zones
CCCTGAAATGAGTTGA-1,capsule_zones
CCGAAAGTGGTGAGCA-1,capsule_zones
CCGGAATGGTTTCAGT-1,capsule_zones
CCGTACCCAAGCGCCA-1,capsule_zones
CCGTGCCCATGACGGC-1,capsule_zones
CCTCATGCAGCTACGA-1,capsule_zones
CCTCTCTCCCATCTAG-1,capsule_zones
CCTGTAAGACATGATA-1,capsule_zones
CGAAGTTGCTCTGTGT-1,capsule_zones
CGAGACCCTAGAGTGT-1,capsule_zones
CGAGCGTTGATCAGCC-1,capsule_zones
CGAGTGCTATAGTTCG-1,capsule_zones
CGATCCGACCCAGTGC-1,capsule_zones
CGCAATTACTTTCGGT-1,capsule_zones
CGCTACGGGACATTTA-1,capsule_zones
CGCTATACCGCCCACT-1,capsule_zones
CGCTTCCACTGAAATC-1,capsule_zones
CGCTTTCATACCGGTG-1,capsule_zones
CGGAGTTTGAGAGACA-1,capsule_zones
CGGCACTCAAGAAAGT-1,capsule_zones
CGGGCCTTCTTTGTAA-1,capsule_zones
CGTAGCGCCGACGTTG-1,capsule_zones
CGTCAGTGCGCACAAG-1,capsule_zones
CTAATTCGCACGCGCT-1,capsule_zones
CTATGTCTATTGAAAC-1,capsule_zones
CTCAGGACTCACCTGT-1,capsule_zones
CTCCTAAGTTATGTCT-1,capsule_zones
CTCTGCGAAGCAAGCA-1,capsule_zones
CTGAGCAAGTAACAAG-1,capsule_zones
CTGTACTTCTTAGCAT-1,capsule_zones
CTGTTCATCTCACGGG-1,capsule_zones
CTTATGTTGACTACCA-1,capsule_zones
CTTCATAGCTCAAGAA-1,capsule_zones
CTTGCCCAGGCTCTAC-1,capsule_zones
CTTGTGAGTCTTTGAC-1,capsule_zones
CTTGTTTATGTAGCCA-1,capsule_zones
CTTTGGCTTTAGTAAA-1,capsule_zones
GAAATTCACATCGCTG-1,capsule_zones
GAAATTGTCTCTATAA-1,capsule_zones
GAAGAACGGTGCAGGT-1,capsule_zones
GAAGCTTGCTGACCGC-1,capsule_zones
GAAGTTTCCACTCAAT-1,capsule_zones
GAATCGCCGGACACGG-1,capsule_zones
GAATTTCTCGCTGCAG-1,capsule_zones
GACCGTGCTGACGGTG-1,capsule_zones
GACGCCTGTTGCAGGG-1,capsule_zones
GACGTGTAGGGATTAT-1,capsule_zones
GAGAGGGCGCGAGGTT-1,capsule_zones
GAGATCTGCTTGGCAT-1,capsule_zones
GAGCATCATCCCTGGG-1,capsule_zones
GAGCTCTCGGACCTAA-1,capsule_zones
GAGGAATGGAGAGGTT-1,capsule_zones
GAGGGCATCGCGTATC-1,capsule_zones
GAGTACGGGTATACAA-1,capsule_zones
GAGTCCGCTTACCGGA-1,capsule_zones
GATAAATCGGTGGATG-1,capsule_zones
GATCTTTGCAGGGTAT-1,capsule_zones
GCACTAGTCGCGCTAT-1,capsule_zones
GCACTGTGCAAATGTA-1,capsule_zones
GCAGCACACAGCCCAG-1,capsule_zones
GCAGGACTATAGAATA-1,capsule_zones
GCATCCCTAACTTTGA-1,capsule_zones
GCCCACCAAGGCTGTC-1,capsule_zones
GCCCGCGCGTTTGACA-1,capsule_zones
GCCGAAATTCCTACGT-1,capsule_zones
GCCGCTTGTGAGAAAC-1,capsule_zones
GCCGGGTTAGGGTCGC-1,capsule_zones
GCCTATTTGCTACACA-1,capsule_zones
GCGAGGCCCGAGCAGA-1,capsule_zones
GCGGCTCTGACGTACC-1,capsule_zones
GCGGTCCCTAGACGCA-1,capsule_zones
GCGTCTCTGCATTGGG-1,capsule_zones
GCTGGCATATTCACCT-1,capsule_zones
GCTTGATGATAATCAG-1,capsule_zones
GGCAAATTACTTTACT-1,capsule_zones
GGCACTCCACTGGGCA-1,capsule_zones
GGCGCGTTCGAGTTTA-1,capsule_zones
GGCGTCCTATCCGCTG-1,capsule_zones
GGCTATTAAGTTGTAT-1,capsule_zones
GGCTCGTGCCACCAGC-1,capsule_zones
GGCTGGCTAGCTTAAA-1,capsule_zones
GGGAACGGGAGGTTAG-1,capsule_zones
GGGAGGATGCCCGAAA-1,capsule_zones
GGGAGTAATGGCTGGC-1,capsule_zones
GGGCGGTCCTATTGTC-1,capsule_zones
GGGTACCCACGGTCCT-1,capsule_zones
GGGTACTTCATGAACT-1,capsule_zones
GGGTCACCGTGACGGT-1,capsule_zones
GGGTGACACCTTAACT-1,capsule_zones
GGTAACTATGTATCTG-1,capsule_zones
GGTACAAACATGCTAT-1,capsule_zones
GGTCGGTAATTAGACA-1,capsule_zones
GGTTAGGCTTGGAGAA-1,capsule_zones
GGTTTGAGTGCTGGAA-1,capsule_zones
GTAACTTGCGGCAGTC-1,capsule_zones
GTACTGAGGTCGTAAC-1,capsule_zones
GTACTGCATGAAGCGT-1,capsule_zones
GTAGACGTCGTTACAT-1,capsule_zones
GTCAAAGTTTACATAG-1,capsule_zones
GTCAGAATAGTCTATG-1,capsule_zones
GTCGTCAATTATAAGG-1,capsule_zones
GTCTATCTGAGTTTCT-1,capsule_zones
GTGAAACGTGCTCCAC-1,capsule_zones
GTGATCATAGATCTGC-1,capsule_zones
GTTACTTTGGGCCTAG-1,capsule_zones
GTTCACAGGAGTCTAG-1,capsule_zones
GTTGGATTTGCGTTGG-1,capsule_zones
GTTTGGCCGCTCAGCG-1,capsule_zones
TAAAGAGCCCGAAACC-1,capsule_zones
TAACAAAGGGAGAAGC-1,capsule_zones
TAACCGCCCGCAGTGC-1,capsule_zones
TAACGCTTTGAGAGCG-1,capsule_zones
TAACTATCGAAGGTCC-1,capsule_zones
TAACTCATCCGCGCGG-1,capsule_zones
TAAGGAACTTGTGGGA-1,capsule_zones
TAATTAGATGGATATG-1,capsule_zones
TACAACGCACAACTCA-1,capsule_zones
TACGTGCACTATGCTG-1,capsule_zones
TAGAGCTACGAAGAAC-1,capsule_zones
TAGGTGAGCCCTACTC-1,capsule_zones
TAGTCCGCAGAGAATG-1,capsule_zones
TATCTACCACAGCGGG-1,capsule_zones
TATGGCCCGGCCTCGC-1,capsule_zones
TCAACACATTGGGTAA-1,capsule_zones
TCAACGAGGAGACAAA-1,capsule_zones
TCACCCTCTTAAGATT-1,capsule_zones
TCAGTACTGACCCGCG-1,capsule_zones
TCATCACTCGAGCTCG-1,capsule_zones
TCCCGGGTGTGCTGCT-1,capsule_zones
TCCGATTACATTGCCG-1,capsule_zones
TCGCATCCCTAAGTGT-1,capsule_zones
TCGCTGTGCGTAAATC-1,capsule_zones
TCGGGTGAAACTGCTA-1,capsule_zones
TCGTTGGCTCGTCAAT-1,capsule_zones
TCTATCATGCAGTTAC-1,capsule_zones
TCTATTACGCTGGCGA-1,capsule_zones
TCTGAACCGGTCGGCT-1,capsule_zones
TCTGTCATACAAGAGC-1,capsule_zones
TCTTACAGAGGTACCG-1,capsule_zones
TGATTCGTCTATCACT-1,capsule_zones
TGCGGCATAGTTCAAC-1,capsule_zones
TGGAAGACGAACACCA-1,capsule_zones
TGGCAGATTACGATCA-1,capsule_zones
TGTATCCTTATTCCAT-1,capsule_zones
TGTCCCGACATAGCAC-1,capsule_zones
TGTCTACAGTTTCTGT-1,capsule_zones
TGTGTCGCGAGTTGCA-1,capsule_zones
TGTTCTTCCATTGACT-1,capsule_zones
TTAAACCGGTAGCGAC-1,capsule_zones
TTAACGTCGCAAGACC-1,capsule_zones
TTACATCGTGGCCTGG-1,capsule_zones
TTACTGGGATATTTCA-1,capsule_zones
TTATCCAATCGAACTC-1,capsule_zones
TTATGACAAACTGGAT-1,capsule_zones
TTCTACTTGCGAGGGC-1,capsule_zones
TTCTTGTAACCTAATG-1,capsule_zones
TTGACGATTCAGCACG-1,capsule_zones
TTGATTATGCAGATGA-1,capsule_zones
TTGCACAATTCAGAAA-1,capsule_zones
TTGTTTGTGTAAATTC-1,capsule_zones
