Barcode,fibrotic_zones
AAACAAGTATCTCCCA-1,fibrotic_zones
AAACAGTGTTCCTGGG-1,fibrotic_zones
AAACTGCTGGCTCCAA-1,fibrotic_zones
AAAGGGCAGCTTGAAT-1,fibrotic_zones
AAATTTACCGAAATCC-1,fibrotic_zones
AACCAGTATCACTCTT-1,fibrotic_zones
AACCGTTGTGTTTGCT-1,fibrotic_zones
AACTACCCGTTTGTCA-1,fibrotic_zones
AACTCAAGTTAATTGC-1,fibrotic_zones
AACTCCTAATCCCATG-1,fibrotic_zones
AACTCTCAATAGAGCG-1,fibrotic_zones
AACTGGTGTGGGCCTT-1,fibrotic_zones
AAGGCAGGCTGTCTCC-1,fibrotic_zones
AAGGGACTATGCATTC-1,fibrotic_zones
AATCGCGCAGAGGACT-1,fibrotic_zones
AATTCTAGAGTTAGGC-1,fibrotic_zones
AATTTGGTTCCAAAGA-1,fibrotic_zones
ACAGGCTTGCCCGACT-1,fibrotic_zones
ACCGAAAGGGCCCTGC-1,fibrotic_zones
ACCTACAGTATGTGGT-1,fibrotic_zones
ACGATCATCTTGTAAA-1,fibrotic_zones
ACGATGCATATGTTAT-1,fibrotic_zones
ACGCGAAGTCAGACGA-1,fibrotic_zones
ACGCTTAGTGTCTCTC-1,fibrotic_zones
ACGTTCACTATGCCGC-1,fibrotic_zones
ACTAGTTGCGATCGTC-1,fibrotic_zones
AGAAGGTTGTAGGTCG-1,fibrotic_zones
AGACATAGATCCTTCC-1,fibrotic_zones
AGACGAAGTGCCGGTC-1,fibrotic_zones
AGCAAAGGCCGCTAGT-1,fibrotic_zones
AGCAGAAGGAGAAAGA-1,fibrotic_zones
AGCCCTTCTAATCCGA-1,fibrotic_zones
AGCGCGGGTGCCAATG-1,fibrotic_zones
AGCGGGTCTGACACTC-1,fibrotic_zones
AGCTCCTTCGCACATC-1,fibrotic_zones
AGGCATTGTCGTAGGG-1,fibrotic_zones
AGGGTGCTCTCGAGGG-1,fibrotic_zones
AGGGTTCAGACGGTCC-1,fibrotic_zones
AGGTACGATATTGCCA-1,fibrotic_zones
AGGTTACACCATGCCG-1,fibrotic_zones
AGTACTCTTATGCCCA-1,fibrotic_zones
AGTCGTCGACCACCAA-1,fibrotic_zones
AGTCTTCTCCTCAAAT-1,fibrotic_zones
AGTGATTCAAGCAGGA-1,fibrotic_zones
AGTTCCTATTTATGTT-1,fibrotic_zones
ATATCGTGCCAGACCC-1,fibrotic_zones
ATCAGCCTCATGCTGC-1,fibrotic_zones
ATCTAGCTTGTGAGGG-1,fibrotic_zones
ATGCCAATCGCTCTGC-1,fibrotic_zones
ATGCGAGTCCCACCAC-1,fibrotic_zones
ATGTACGATGACGTCG-1,fibrotic_zones
ATTACTAGCCTCTTGC-1,fibrotic_zones
ATTATACTTTGCTCGT-1,fibrotic_zones
CACACGCGCTGTCTTA-1,fibrotic_zones
CACATTTCTTGTCAGA-1,fibrotic_zones
CACCGCGTCCACTCTA-1,fibrotic_zones
CACGTTTCGTACACAC-1,fibrotic_zones
CACTGACGATTGTGGA-1,fibrotic_zones
CACTGTCCAAGTGAGA-1,fibrotic_zones
CAGAACTTAGCCCTCT-1,fibrotic_zones
CAGAATAACACACGGA-1,fibrotic_zones
CAGCAGTCCAGACTAT-1,fibrotic_zones
CAGCTCGTGCTTGTGT-1,fibrotic_zones
CAGTAACTATTTATTG-1,fibrotic_zones
CAGTCTGTATACTGGG-1,fibrotic_zones
CATATACTACTGATAA-1,fibrotic_zones
CATCTATCCCGTGTCT-1,fibrotic_zones
CATGTAAGAGACATTT-1,fibrotic_zones
CATTATGCTTGTTGTG-1,fibrotic_zones
CCAATTGAATGTTAAT-1,fibrotic_zones
CCAGGGACGTGGCCTC-1,fibrotic_zones
CCATAGGTTGGCGTGG-1,fibrotic_zones
CCATGGCAAACGCTCA-1,fibrotic_zones
CCCAAACATGCTGCTC-1,fibrotic_zones
CCCGCCATGCTCCCGT-1,fibrotic_zones
CCCTATGTAGAGCAGA-1,fibrotic_zones
CCCTTTGACAGGTCTT-1,fibrotic_zones
CCGATTGGTCAATGAA-1,fibrotic_zones
CCTACTGCTTACACTT-1,fibrotic_zones
CCTATCTATATCGGAA-1,fibrotic_zones
CCTTGACCACTTTATT-1,fibrotic_zones
CGAACAGTATGGGCGT-1,fibrotic_zones
CGAGATTTCGCTCGGG-1,fibrotic_zones
CGATAATACTCAGGTT-1,fibrotic_zones
CGCGTTCATGAAATAC-1,fibrotic_zones
CGCTATTCAATGTATG-1,fibrotic_zones
CGGAAATTTCACATCC-1,fibrotic_zones
CGGCAATAAGATCGCC-1,fibrotic_zones
CGGCAGGGTCGGGTTG-1,fibrotic_zones
CGGCCAGAGCGACCAT-1,fibrotic_zones
CGGGAATATAGTATAC-1,fibrotic_zones
CGGGCAGCTAAACCGC-1,fibrotic_zones
CGGGTGTACCCATTTA-1,fibrotic_zones
CGGTCCGTCGCAAGCC-1,fibrotic_zones
CGGTTTATGAAGGAAC-1,fibrotic_zones
CGTTGTCGGCAATTGA-1,fibrotic_zones
CTACCCTAAGGTCATA-1,fibrotic_zones
CTAGGGATAGGGACAA-1,fibrotic_zones
CTAGGTCTGAAGGAAT-1,fibrotic_zones
CTCACATTTACTAAAT-1,fibrotic_zones
CTCATGGCTCACAATC-1,fibrotic_zones
CTGGGCACTAGTCGGA-1,fibrotic_zones
CTGGGTAGGCAGTTAA-1,fibrotic_zones
CTGGTAACACATAGAA-1,fibrotic_zones
CTGTAGTGAGGATCGA-1,fibrotic_zones
CTGTGGTCGGGAGATA-1,fibrotic_zones
CTTAGTAGGCCTACAG-1,fibrotic_zones
CTTTAGGAACACTGTT-1,fibrotic_zones
GAAACAGCCATGCAGT-1,fibrotic_zones
GAAACTCTAATGAAGG-1,fibrotic_zones
GAACCTTTAACGATCC-1,fibrotic_zones
GAACGCGGGTCACACG-1,fibrotic_zones
GAAGAAACGATATTGT-1,fibrotic_zones
GAAGAACGGTGCAGGT-1,fibrotic_zones
GAAGTTTCCACTCAAT-1,fibrotic_zones
GAATGCGAATCGGTTC-1,fibrotic_zones
GACACCCAAAGACGCG-1,fibrotic_zones
GACAGCCAGACCTGAC-1,fibrotic_zones
GAGCCAGCTACCTGTG-1,fibrotic_zones
GAGCGGAATGCGGTGT-1,fibrotic_zones
GAGGATAAACAGTGCT-1,fibrotic_zones
GAGGTACGCGTGTCCC-1,fibrotic_zones
GAGTAAACCGGAAAGT-1,fibrotic_zones
GATAGTGCGAGTAAGT-1,fibrotic_zones
GATCGCTACCCGATTT-1,fibrotic_zones
GATCTCGACGCTGTGG-1,fibrotic_zones
GATGGCGCACACATTA-1,fibrotic_zones
GATTGGGAAAGGTTGT-1,fibrotic_zones
GCAACAGCAGTATGCG-1,fibrotic_zones
GCAACGGCTAGTTATG-1,fibrotic_zones
GCAAGATGTGTTCGCG-1,fibrotic_zones
GCAAGTGTAAAGCATG-1,fibrotic_zones
GCACAGCACGGGCCGA-1,fibrotic_zones
GCACTGCCTACCTTTA-1,fibrotic_zones
GCAGCACACAGCCCAG-1,fibrotic_zones
GCCGCTAGATACGCAG-1,fibrotic_zones
GCCGTCGGTTTCGGGC-1,fibrotic_zones
GCGAGGCCCGAGCAGA-1,fibrotic_zones
GCGCTTAAATAATTGG-1,fibrotic_zones
GCGGCAAAGTATTGCC-1,fibrotic_zones
GCGGGAACCAGGCCCT-1,fibrotic_zones
GCGTGGTACTGGGTTA-1,fibrotic_zones
GCTAACTGAAGTCTGA-1,fibrotic_zones
GCTATACGTCTCGGAC-1,fibrotic_zones
GCTCCCAGTCGGTCCA-1,fibrotic_zones
GCTCCGCTCGCTTCAG-1,fibrotic_zones
GCTGGACCCAAAGTGG-1,fibrotic_zones
GCTTTCAGAGGAGGTG-1,fibrotic_zones
GGACTCGACAGCGCAT-1,fibrotic_zones
GGAGCGAGGCCTACTT-1,fibrotic_zones
GGAGGCCGAAGTCGTC-1,fibrotic_zones
GGATCATCCCGTACGC-1,fibrotic_zones
GGATGACGCGAGTTTA-1,fibrotic_zones
GGCAAGGCGAAATAGC-1,fibrotic_zones
GGCCGGCGTCTGCTAT-1,fibrotic_zones
GGCTAAAGGGCGGGTC-1,fibrotic_zones
GGCTCGCGTTGAGGTA-1,fibrotic_zones
GGGCACGTAGTACTGT-1,fibrotic_zones
GGGTTTAGGATAGGAT-1,fibrotic_zones
GGTCGGCCAGGAGCTT-1,fibrotic_zones
GGTCTTGAGCGCTCTT-1,fibrotic_zones
GGTGCATAAATGATTA-1,fibrotic_zones
GGTTTCAATCGGTCAG-1,fibrotic_zones
GTAACTGCCCAAGGAG-1,fibrotic_zones
GTAAGTCCACACTCTA-1,fibrotic_zones
GTAATAAAGGGCTCCC-1,fibrotic_zones
GTAGACACGCCTGACT-1,fibrotic_zones
GTAGTCTACGATATTG-1,fibrotic_zones
GTATCTTTCATAACCA-1,fibrotic_zones
GTATTAAGGCGTCTAA-1,fibrotic_zones
GTCCAGGCACGTGTGC-1,fibrotic_zones
GTCCGGACCTGAAATT-1,fibrotic_zones
GTCCGGCTGAATTGCG-1,fibrotic_zones
GTCCTACGAATAGTCT-1,fibrotic_zones
GTCTTGTAGCTATTCA-1,fibrotic_zones
GTGCGACAGGGAGTGT-1,fibrotic_zones
GTTAACTATGTTGTCA-1,fibrotic_zones
GTTAAGGGTGCGATGT-1,fibrotic_zones
GTTACCTACAACTTGC-1,fibrotic_zones
GTTCCGTCCGCCTGCA-1,fibrotic_zones
GTTCGCTGAGACGTCT-1,fibrotic_zones
GTTCGGATCGGGAACA-1,fibrotic_zones
GTTGGATTGAGAACAC-1,fibrotic_zones
GTTTGGCCCAAGTTAT-1,fibrotic_zones
TAACCTACCGTCCGAG-1,fibrotic_zones
TAAGGCCCGTCACCCT-1,fibrotic_zones
TAATTAGGACATCCGT-1,fibrotic_zones
TAATTGGAATCGGGAA-1,fibrotic_zones
TACGACTGCCTCTTAG-1,fibrotic_zones
TAGACGCCCGTACCGG-1,fibrotic_zones
TAGCCGGCGGTCAGCG-1,fibrotic_zones
TAGCGTCCCTCGATTG-1,fibrotic_zones
TAGCTCGCCTGATAAC-1,fibrotic_zones
TAGTCCCGGAGACCAC-1,fibrotic_zones
TAGTCTTTCCGAATTG-1,fibrotic_zones
TATACACAGACGCCTT-1,fibrotic_zones
TATATATCGAGAAATG-1,fibrotic_zones
TATCACTTCGAGTAAC-1,fibrotic_zones
TATGATCTTCTCTTTA-1,fibrotic_zones
TATTCCACTCAGCTCG-1,fibrotic_zones
TCATTTAAGTCTCCGA-1,fibrotic_zones
TCATTTAGAAGTGTGA-1,fibrotic_zones
TCCAATAAAGGCTACC-1,fibrotic_zones
TCCCAAACATCCTCTA-1,fibrotic_zones
TCCGCTTATCCCATTA-1,fibrotic_zones
TCCTGCCAACTGGAGA-1,fibrotic_zones
TCCTGGCGCTGCCTGG-1,fibrotic_zones
TCGATAGGCTAGTCGC-1,fibrotic_zones
TCGTCTTAGGCGTTAA-1,fibrotic_zones
TCTGAATTCCGTACAA-1,fibrotic_zones
TCTTGCTCCCGATACT-1,fibrotic_zones
TCTTTCTCTTAAGGAG-1,fibrotic_zones
TGAATGAGTGTTTCCC-1,fibrotic_zones
TGACACTTCTCTTTGC-1,fibrotic_zones
TGACATCGAGCGGACC-1,fibrotic_zones
TGACTATAATCCTTTC-1,fibrotic_zones
TGAGTTAAAGACATTC-1,fibrotic_zones
TGATCTCCGGCGCCAG-1,fibrotic_zones
TGATTCCCGGTTACCT-1,fibrotic_zones
TGCGGTGAAATTTCAT-1,fibrotic_zones
TGCTAAGTGTCTATTT-1,fibrotic_zones
TGGAGAATAATCGTCC-1,fibrotic_zones
TGGCCAAACTGAAGTA-1,fibrotic_zones
TGGGCAATAGTTGGGT-1,fibrotic_zones
TGTGGTTGCTAAAGCT-1,fibrotic_zones
TGTTCGTATTGCGGTG-1,fibrotic_zones
TGTTTGAGATCGTCAG-1,fibrotic_zones
TTAACACCTCGAACAT-1,fibrotic_zones
TTAACGTCGCAAGACC-1,fibrotic_zones
TTAAGGCCCGTACTTT-1,fibrotic_zones
TTACCCTAACAGTCCT-1,fibrotic_zones
TTACGTAGCGCGTGCT-1,fibrotic_zones
TTAGCAACATGGATGT-1,fibrotic_zones
TTATGCGTCCCGGTCC-1,fibrotic_zones
TTCCGGTATCTGTGTC-1,fibrotic_zones
TTCTAACCGAAGCTTA-1,fibrotic_zones
TTCTGACCGGGCTCAA-1,fibrotic_zones
TTCTTATCCGCTGGGT-1,fibrotic_zones
TTGACCAGGAACAACT-1,fibrotic_zones
TTGCCGCTTTCTAGTA-1,fibrotic_zones
TTGCTGGCCGGGCTTC-1,fibrotic_zones
TTGGAGTCTCCCTTCT-1,fibrotic_zones
TTGTATCACACAGAAT-1,fibrotic_zones
TTGTGAACCTAATCCG-1,fibrotic_zones
TTGTTCAGTGTGCTAC-1,fibrotic_zones
TTGTTTCATTAGTCTA-1,fibrotic_zones
TTGTTTGTATTACACG-1,fibrotic_zones
