Barcode,Chen
AAAGACCCAAGTCGCG-1,Porta
AAATACCTATAAGCAT-1,Central
AACAGCTGTGTGGCAA-1,Central
ACAAGGAAATCCGCCC-1,Central
ACAATGAATACGGAGA-1,Central
ACCACGTGCAGCTATA-1,Central
ACCCGGTTACACTTCC-1,Central
ACGTAGATTGCTGATG-1,Central
ACTCCCTAGAATAGTA-1,Central
AGCTCTTCCCAGTGCA-1,Central
AGGACGACCCATTAGA-1,Central
AGTGACCTACTTTACG-1,Central
AGTGACTGTGACACAA-1,Porta
AGTGATATGAGTAGTT-1,Central
ATAAGTTACCGCGACG-1,Central
ATATCTCCCTCGTTAA-1,Central
ATCAATCTGGGCTGCA-1,Central
ATCCTACCTAAGCTCT-1,Central
ATCCTGCGTGGAATGG-1,Central
ATGATGCAATGGTACA-1,Central
ATGCCGGTTGATGGGA-1,Central
ATGTGGACATCTTGAT-1,Central
CAAAGATTATTGGGCC-1,Central
CAAATGTCCTTCCGTG-1,Central
CAAGAGGGCGGAGTAC-1,Central
CAATGCGAGAAGTATC-1,Porta
CACAATGAGCTGCTAT-1,Central
CACATATTAGCAGGAT-1,Central
CACTCGAGCTGAACAA-1,Central
CAGGCGCACGGTGGTC-1,Central
CAGGCGCCATGCTAGG-1,Central
CATACGAACTAGCTGG-1,Porta
CATATAGGTACAGTCA-1,Central
CATGGGTATGCCTTAT-1,Porta
CATGGTAAGTAGCGTT-1,Central
CCGAACCTTCCCGGCC-1,Central
CCTATAATGAGTGCCC-1,Porta
CGAAACATAGATGGCA-1,Porta
CGAGTGAAGGTACCAG-1,Central
CGCTATTCTTAGGCTC-1,Porta
CGGTCTATCAACCCGT-1,Central
CGTTGAGCGACCGTCG-1,Central
CTAAGGGAATGATTGG-1,Central
CTAGCATAGTATAATG-1,Central
CTCGGTACCACTGCTC-1,Porta
CTCTATTTGGCTGCAG-1,Central
CTCTCACAATCGATGA-1,Central
CTGGCGACATAAGTCC-1,Central
GAAACCGAATTACCTT-1,Central
GAAATTGTCTCTATAA-1,Central
GAATTATAGTGAAAGG-1,Central
GACACTGAGTTCAGTG-1,Central
GAGCCACGGTAGTAGG-1,Porta
GATACGATGGGAGTCA-1,Central
GATATTTCCTACATGG-1,Central
GATGGTGCCCTAGGCA-1,Porta
GCGACCCAACCATCTG-1,Central
GCGCAAATATATTCAA-1,Central
GCGCGTCATTGGTACA-1,Porta
GCGCTATGCCGAGGCA-1,Central
GCGCTGATCCAGACTC-1,Central
GCGGCAAAGTATTGCC-1,Central
GCTATCATACTCATGG-1,Porta
GGCAAATTACTTTACT-1,Central
GGCAAGGCGAAATAGC-1,Central
GGCATATCGGTTCTGC-1,Central
GGCGCATGAATTGATG-1,Central
GGCGGTAGGATCATTG-1,Central
GGGAACGGTTTCAGAT-1,Porta
GGGAGAACTCACAGTA-1,Central
GGGCCCGTCTTAAACA-1,Central
GGGCGTCCACTGGCTC-1,Central
GGGCTGCCTAGGGCGA-1,Central
GGTAACCGGGAGGATA-1,Central
GTAAGTAACAGTCTGG-1,Porta
GTACGCTTCATTGCAC-1,Central
GTACTGAGGTCGTAAC-1,Porta
GTCGTTATTCGCTTAT-1,Central
GTGACTTCAGTAGTGC-1,Central
GTGCCGCTTCAAAGGT-1,Central
GTTACTTTGGGCCTAG-1,Central
TAAAGAGCCCGAAACC-1,Porta
TAACTCATCCGCGCGG-1,Central
TACAACGCACAACTCA-1,Central
TACCAATAAAGTACCA-1,Porta
TACCTCCACACCAATG-1,Porta
TACGCAGTTCTTTCCT-1,Central
TAGAATTAAGGGCAAC-1,Porta
TATCCAATTGGTTATC-1,Porta
TATTCGTGCCAGAATA-1,Central
TCAAACTTAGATTGTT-1,Central
TCAGACGCTATAGAAG-1,Central
TCAGTAGGGACTATAA-1,Central
TCATCGATGGTCCCAA-1,Central
TCATGCAGGTTCTCAT-1,Central
TCCATTGTGACCTCGT-1,Porta
TCCCTTAGATTACTCG-1,Central
TCGAATATCCCGCAGG-1,Central
TCGCAAAGATGCATTT-1,Central
TCGTGTACTATGGATG-1,Central
TCTCCCTGGGCAGCGT-1,Porta
TCTGAAGCACGTGGTC-1,Porta
TCTTCGATACCAATAA-1,Central
TCTTGATGCGTAGCGA-1,Central
TGACTATAATCCTTTC-1,Central
TGAGCTTTAATGACGC-1,Central
TGCCCGTACCGTTAAA-1,Central
TGCGACACCCTAGTGC-1,Central
TGCGACGGCCGAACGT-1,Central
TGCGCAAAGCATTTGG-1,Central
TGTTTAATACTTCATC-1,Porta
TTACCCATTGCCGGGT-1,Central
TTACTGGGATATTTCA-1,Central
TTAGACACGATCGTTG-1,Central
TTATTAGAGCGTGTTC-1,Central
TTCGGCAACCCGCTGA-1,Central
TTCTGCCGCGCCTAGA-1,Central
TTGCTGGCCGGGCTTC-1,Porta
TTGGCCTAGAATTTCG-1,Central
TTGTTTCATTAGTCTA-1,Central
