Barcode,lipid_28_9_22
AAAGCTTGCCTACATA-1,lipid_zones
AAATACCTATAAGCAT-1,lipid_zones
AAATGGCATGTCTTGT-1,lipid_zones
AAATTCCAGGTCCAAA-1,lipid_zones
AAATTGGTGAGAAGCA-1,lipid_zones
AACAATTACTCTACGC-1,lipid_zones
AACAGGAAATCGAATA-1,lipid_zones
AACAGGTAGTATGGAT-1,lipid_zones
AACCCTGGTGGAACCA-1,lipid_zones
AACCGTTGTGTTTGCT-1,lipid_zones
AACGATAATGCCGTAG-1,lipid_zones
AACGCGAACGGCAACA-1,lipid_zones
AACGGCCATCTCCGGT-1,lipid_zones
AACGTGATGAAGGACA-1,lipid_zones
AACGTGCGAAAGTCTC-1,lipid_zones
AACTACCCGTTTGTCA-1,lipid_zones
AACTCTCAGTGTGCTC-1,lipid_zones
AACTGATATTAGGCCT-1,lipid_zones
AACTGGGTCCCGACGT-1,lipid_zones
AACTTGCGTTCTCGCG-1,lipid_zones
AAGAAGGATCAGTTAG-1,lipid_zones
AAGCGGCGTCATGGGT-1,lipid_zones
AAGGAGAACTTATAAG-1,lipid_zones
AAGGATCGATCGCTTG-1,lipid_zones
AATAACACTAGAACAA-1,lipid_zones
AATAAGTCCTCGAGAC-1,lipid_zones
AATAGAACAGAGTGGC-1,lipid_zones
AATCCATGCAAGGGTG-1,lipid_zones
AATGAGTTCGCATATG-1,lipid_zones
AATTAAAGGTCGGCGT-1,lipid_zones
AATTAACGGATTTCCA-1,lipid_zones
AATTTGGTTCCAAAGA-1,lipid_zones
ACAAGCAGTGCCTAGC-1,lipid_zones
ACAAGGGCAGGCTCTG-1,lipid_zones
ACACCACATAATTAGC-1,lipid_zones
ACACCTTAAGTAGGGC-1,lipid_zones
ACACGAGACTCCTTCT-1,lipid_zones
ACAGCGCACCCGCAGC-1,lipid_zones
ACAGGCTTGCCCGACT-1,lipid_zones
ACAGGTGGAGGTGAGG-1,lipid_zones
ACATCGATCGTTTACC-1,lipid_zones
ACATCGTATGCAATGG-1,lipid_zones
ACATCTCAACGCGTAA-1,lipid_zones
ACCACAACTCAGAACA-1,lipid_zones
ACCACAAGTTTCTATC-1,lipid_zones
ACCAGCCCGGTCTTTG-1,lipid_zones
ACCCATCTTGAGGGTA-1,lipid_zones
ACCCGGAAACTCCCAG-1,lipid_zones
ACCCGGATGACGCATC-1,lipid_zones
ACCCGGTTACACTTCC-1,lipid_zones
ACCCTGGTAACGCCCT-1,lipid_zones
ACCCTTCATCTGCGAA-1,lipid_zones
ACCCTTTAGTTCTCCA-1,lipid_zones
ACCGTTCCCGCTCTGA-1,lipid_zones
ACGAGATATTTGCTTA-1,lipid_zones
ACGAGTACGGATGCCC-1,lipid_zones
ACGCATACGTTTACTA-1,lipid_zones
ACGTACAGATTTCTCT-1,lipid_zones
ACGTTTAGTTGTGATC-1,lipid_zones
ACTATCCAGGGCATGG-1,lipid_zones
ACTCTCTGACTTAGGT-1,lipid_zones
ACTCTCTTATACACGA-1,lipid_zones
ACTCTTGTATAGTAAC-1,lipid_zones
ACTGTTTAGTGTAGGC-1,lipid_zones
ACTTATACTTACCCGG-1,lipid_zones
ACTTGCCATATTGTAC-1,lipid_zones
AGAAGAGCGCCGTTCC-1,lipid_zones
AGAGCAGTTATGAGAC-1,lipid_zones
AGAGGGACAATTGTCC-1,lipid_zones
AGAGTAAACTTCACTA-1,lipid_zones
AGATCTCAGGTGTGAT-1,lipid_zones
AGCAGAAGGAGAAAGA-1,lipid_zones
AGCGACAGGAACGGTC-1,lipid_zones
AGCGACATCCCATTCA-1,lipid_zones
AGCGTACGAGAGCTAG-1,lipid_zones
AGCTCCTTCGCACATC-1,lipid_zones
AGCTCGTTGATGGAAA-1,lipid_zones
AGCTCTTCGTAACCTT-1,lipid_zones
AGCTGCATTTGAGGTG-1,lipid_zones
AGCTTCAATACTTTGA-1,lipid_zones
AGGACGACCCATTAGA-1,lipid_zones
AGGCGTCTATGGACGG-1,lipid_zones
AGGGAGACATACTTCG-1,lipid_zones
AGGGTCAGTAACCCTA-1,lipid_zones
AGGTACGATATTGCCA-1,lipid_zones
AGGTCGCGGAGTTACT-1,lipid_zones
AGGTTGAGGCACGCTT-1,lipid_zones
AGTACATCATTTATCA-1,lipid_zones
AGTAGCTAGACGCCGA-1,lipid_zones
AGTCAACACCACCATC-1,lipid_zones
AGTCACTCCGCCTCAT-1,lipid_zones
AGTCCCGCCTTTAATT-1,lipid_zones
AGTCGACGGTCTCAAG-1,lipid_zones
AGTGAAGATGGTGTCC-1,lipid_zones
AGTGAGACTTCCAGTA-1,lipid_zones
AGTGATTCAAGCAGGA-1,lipid_zones
AGTGCGTAGCTCGTAA-1,lipid_zones
AGTGGCGGCAATTTGA-1,lipid_zones
AGTGTATTGCGCATTG-1,lipid_zones
AGTTTCGCAGGTCGGA-1,lipid_zones
ATAAGTAGGATTCAGA-1,lipid_zones
ATACAGGCCCTCCAAT-1,lipid_zones
ATACCGTCATCCATAA-1,lipid_zones
ATACCTAACCAAGAAA-1,lipid_zones
ATACTACCCGTACCAC-1,lipid_zones
ATAGCAACTAGGGAAG-1,lipid_zones
ATAGGCTAGCTTCGCA-1,lipid_zones
ATAGTCTTTGACGTGC-1,lipid_zones
ATAGTTCCACCCACTC-1,lipid_zones
ATATAAATGTAGCTGC-1,lipid_zones
ATATCAACCTACAGAG-1,lipid_zones
ATATCGGTAGGGAGAT-1,lipid_zones
ATATTCCCACAGGTCA-1,lipid_zones
ATATTTAACCCTCAAG-1,lipid_zones
ATCACTTCATCCTCGC-1,lipid_zones
ATCAGACGGCACGCCG-1,lipid_zones
ATCAGGTCGCCATTGC-1,lipid_zones
ATCCACGCTAAATGTT-1,lipid_zones
ATCGACCCAATACAGA-1,lipid_zones
ATCTTGACTTGTCCAA-1,lipid_zones
ATCTTTCGTATAACCA-1,lipid_zones
ATGAAGCCAAGGAGCC-1,lipid_zones
ATGACGCCGGCTCTAA-1,lipid_zones
ATGCCGGTTGATGGGA-1,lipid_zones
ATGGATCCGGCGTCCG-1,lipid_zones
ATGTGGACATCTTGAT-1,lipid_zones
ATTAATTCGGTCACTC-1,lipid_zones
ATTAGGCGATGCTTTC-1,lipid_zones
ATTCAACCATTTAAGG-1,lipid_zones
ATTCGTGCTATCTCTT-1,lipid_zones
ATTCTGAGTATGAACT-1,lipid_zones
ATTTCATTATTTCGCG-1,lipid_zones
CAAACGTGGTCTTGCG-1,lipid_zones
CAAATTGTCAGCAAGC-1,lipid_zones
CAAGAAACCCTAAACT-1,lipid_zones
CAAGAGGGCGGAGTAC-1,lipid_zones
CAAGCGGCACATAATT-1,lipid_zones
CAATATTCTTGACCTA-1,lipid_zones
CAATCCTGCCGTGGAG-1,lipid_zones
CAATGTGCCAACCCTT-1,lipid_zones
CACAAGAAAGATATTA-1,lipid_zones
CACATATTAGCAGGAT-1,lipid_zones
CACATTCTTTCGATGG-1,lipid_zones
CACCATCGGAGGAGAC-1,lipid_zones
CACCCGGTTTGTGACT-1,lipid_zones
CACCCTTTCCTCGCTC-1,lipid_zones
CACCGCCGACCAGCGA-1,lipid_zones
CACGTCGGCAACCTCT-1,lipid_zones
CACTACTCAGTTCTGT-1,lipid_zones
CACTCTTCTGCTAGCC-1,lipid_zones
CAGAACTTAGCCCTCT-1,lipid_zones
CAGAGTGATTTAACGT-1,lipid_zones
CAGCGATTCCCTTCAA-1,lipid_zones
CAGTCCAACGCCTTCT-1,lipid_zones
CAGTCGAGGATGCAAT-1,lipid_zones
CATACTTAGGCAATAC-1,lipid_zones
CATAGCGTTGCCCACC-1,lipid_zones
CATCAAACTGGCGCCC-1,lipid_zones
CATCATCTACCCGGAC-1,lipid_zones
CATGAACCTCTTATCA-1,lipid_zones
CATGATGCACAATTCT-1,lipid_zones
CATGCATGGAGACCCT-1,lipid_zones
CATGCGACCAGTTTAA-1,lipid_zones
CATGCTGGCTCCAATT-1,lipid_zones
CATGGAAATGGGACCA-1,lipid_zones
CATGGCAGGAAGATCG-1,lipid_zones
CATGGTAAGTAGCGTT-1,lipid_zones
CATGTAGGAGCGCCAA-1,lipid_zones
CATTACATAGATTGTG-1,lipid_zones
CATTACGTCGGCCCGT-1,lipid_zones
CATTCACTGACAGCTA-1,lipid_zones
CATTCCCATTCCGTCG-1,lipid_zones
CATTGATGAACACGCC-1,lipid_zones
CATTTATCGTTCAAGA-1,lipid_zones
CCAACGCTTGCCAGGG-1,lipid_zones
CCAATTGAATGTTAAT-1,lipid_zones
CCACAGCTGAAATCAT-1,lipid_zones
CCACCAACTTTACTGT-1,lipid_zones
CCACGAATTTAACCTC-1,lipid_zones
CCAGCTCGAACGCATT-1,lipid_zones
CCATAAACAACCCGAC-1,lipid_zones
CCATCTTGTTCACAAT-1,lipid_zones
CCATTTCTACCTATTA-1,lipid_zones
CCCAAACATGCTGCTC-1,lipid_zones
CCCAACCACACTAACA-1,lipid_zones
CCCAGTTAAGGCGCCG-1,lipid_zones
CCCGAGTTTCTCCGTA-1,lipid_zones
CCCGCAGGGCCCAAAG-1,lipid_zones
CCCGTTTCGCAGATGT-1,lipid_zones
CCCTCCTCGCTCGTAT-1,lipid_zones
CCCTCGGGAGCCTTGT-1,lipid_zones
CCCTGGTATGGGCGGC-1,lipid_zones
CCCTTTGACAGGTCTT-1,lipid_zones
CCGACTCGCATAGTCT-1,lipid_zones
CCGCTATCAGCACCAG-1,lipid_zones
CCGCTCTTCCGAACTA-1,lipid_zones
CCGCTTACCTCACTCT-1,lipid_zones
CCGGTAATGGCTAGTC-1,lipid_zones
CCGTAGGGTTGTTTAC-1,lipid_zones
CCGTATTAGCGCAGTT-1,lipid_zones
CCGTGTTAAATTCCAT-1,lipid_zones
CCTAGGCGTAGCGATC-1,lipid_zones
CCTAGTTAGTCGCATG-1,lipid_zones
CCTATGAAGTGGTGCC-1,lipid_zones
CCTATGGGTTACCGTC-1,lipid_zones
CCTCCTGTTGTGTCGT-1,lipid_zones
CCTCGACCCACTGCCT-1,lipid_zones
CCTCGGACCGGGATAG-1,lipid_zones
CCTCTAATCTGCCAAG-1,lipid_zones
CCTGACCACCGATGGT-1,lipid_zones
CCTGCGATAGAACTGT-1,lipid_zones
CCTGGAAACGTTCTGC-1,lipid_zones
CCTGTCCCTCACGTTA-1,lipid_zones
CCTTTCAATGAAGAAA-1,lipid_zones
CGAAACATAGATGGCA-1,lipid_zones
CGAGACCCTAGAGTGT-1,lipid_zones
CGAGAGATGTGAACCT-1,lipid_zones
CGAGAGGGTAGCCGCG-1,lipid_zones
CGAGGCCAGGCATTGG-1,lipid_zones
CGAGGCTAAATATGGC-1,lipid_zones
CGCACATGTCCACTAC-1,lipid_zones
CGCATCCATCAGCCAG-1,lipid_zones
CGCCCAGCACGCCTAG-1,lipid_zones
CGCCCGCTTCCGTACA-1,lipid_zones
CGCCGTTCAGCATAGT-1,lipid_zones
CGCGTACATTCTGGAA-1,lipid_zones
CGCTCGACATAATGAT-1,lipid_zones
CGGAGCATGGCGATCC-1,lipid_zones
CGGCACTCAAGAAAGT-1,lipid_zones
CGGGAATTTATGTAAA-1,lipid_zones
CGGTACTAGAATCAAA-1,lipid_zones
CGGTTCAAGTAGGTGT-1,lipid_zones
CGGTTGGGTTCAAGTT-1,lipid_zones
CGTAGCGAATTGTCAG-1,lipid_zones
CGTGCCCTCCCGAAGA-1,lipid_zones
CGTTAAACTAGTTAGG-1,lipid_zones
CGTTGAGCGACCGTCG-1,lipid_zones
CGTTGTCGGCAATTGA-1,lipid_zones
CGTTTACAAGGCAGCT-1,lipid_zones
CGTTTCACTTCGGGCG-1,lipid_zones
CTAAAGAATGCCTACT-1,lipid_zones
CTAAAGGGAAATAGGA-1,lipid_zones
CTAACTGATAATCGCC-1,lipid_zones
CTAAGTACAGGGCTAC-1,lipid_zones
CTAATTCTCAGATATT-1,lipid_zones
CTACACTCGCAGATGG-1,lipid_zones
CTACGAACTAGGTCGA-1,lipid_zones
CTACTCTAGGCCCGGC-1,lipid_zones
CTAGCCGATGTTATGA-1,lipid_zones
CTAGTCACGTCTTAAG-1,lipid_zones
CTATGTCACTAGCCCA-1,lipid_zones
CTCACATTTACTAAAT-1,lipid_zones
CTCAGTCACGACAAAT-1,lipid_zones
CTCCGGCTTGTAGACA-1,lipid_zones
CTCCTAAGTTATGTCT-1,lipid_zones
CTCGAATGGAACGTAT-1,lipid_zones
CTCGATATTTGCGAGC-1,lipid_zones
CTCGGTCCGTAGCCTG-1,lipid_zones
CTCTCACAATCGATGA-1,lipid_zones
CTGAAACGGCCCTCAG-1,lipid_zones
CTGAGCAAGTAACAAG-1,lipid_zones
CTGCAGAGAATCAGAG-1,lipid_zones
CTGCCAAGGTTGGAAG-1,lipid_zones
CTGCCTAGCCACCAAG-1,lipid_zones
CTGGATTTACACTTGA-1,lipid_zones
CTGGCGCACAGGTCTG-1,lipid_zones
CTGGTTCAACGCATCA-1,lipid_zones
CTTAACTTCGAAGTAC-1,lipid_zones
CTTATGTTGACTACCA-1,lipid_zones
CTTTACCGAATAGTAG-1,lipid_zones
CTTTAGGAACACTGTT-1,lipid_zones
CTTTAGTGCTATTATT-1,lipid_zones
GAAACTCGTGCGATGC-1,lipid_zones
GAAACTCTAATGAAGG-1,lipid_zones
GAAATACCTGCTGGCT-1,lipid_zones
GAAATATGCTTGAATG-1,lipid_zones
GAAATTAGCACGGATA-1,lipid_zones
GAACATTAGTATGTTA-1,lipid_zones
GAACGCGGGTCACACG-1,lipid_zones
GAACTTAGCGCCCGGT-1,lipid_zones
GAAGGCTACCATTGTT-1,lipid_zones
GAAGTCTCCCTAGCGA-1,lipid_zones
GAAGTTTCCACTCAAT-1,lipid_zones
GAATCGACATGGTCAC-1,lipid_zones
GAATGCGAATCGGTTC-1,lipid_zones
GAATGTGGTCCGGATT-1,lipid_zones
GACACAAGGGAAGAAA-1,lipid_zones
GACACGAGTTAGAGGA-1,lipid_zones
GACAGCCAGACCTGAC-1,lipid_zones
GACCGACGTGAAAGCA-1,lipid_zones
GACCGCGTCTGACGTG-1,lipid_zones
GACGGACCGCGTTCCT-1,lipid_zones
GACTAACACAGCACCT-1,lipid_zones
GACTACAATTGCTCGT-1,lipid_zones
GACTCACCCACGTGAG-1,lipid_zones
GACTGATTGGTCACAA-1,lipid_zones
GACTGCACCAGCCCAG-1,lipid_zones
GAGATCTGTCACTCCG-1,lipid_zones
GAGATGGGAGTCGACA-1,lipid_zones
GAGCCAGCTACCTGTG-1,lipid_zones
GAGCGCAAATACTCCG-1,lipid_zones
GAGGCATTTGCAGCAG-1,lipid_zones
GAGGTACATCCATCTT-1,lipid_zones
GATAACTCGCACTGTG-1,lipid_zones
GATATCTCATGCAATA-1,lipid_zones
GATATGCGGTAGCCAA-1,lipid_zones
GATATGGATTACGCGG-1,lipid_zones
GATCCTCTTGCGCTTA-1,lipid_zones
GATCGTGACTGATATC-1,lipid_zones
GATGGTGAAATAACCC-1,lipid_zones
GCAAACCTTGGCCATA-1,lipid_zones
GCAAGTGCACAGAGAA-1,lipid_zones
GCAGATCCATAAGACT-1,lipid_zones
GCAGCTATGGACAGGT-1,lipid_zones
GCAGGTAGAGTATGGT-1,lipid_zones
GCCTCTATACATAGCA-1,lipid_zones
GCGAAACTTAACTGGA-1,lipid_zones
GCGACATGTAAACATC-1,lipid_zones
GCGAGCGCATGCTCCC-1,lipid_zones
GCGCCTCCCACTCCGA-1,lipid_zones
GCGCTATGCCGAGGCA-1,lipid_zones
GCGTCGAAATGTCGGT-1,lipid_zones
GCGTGTATGTCGTATT-1,lipid_zones
GCTAATACCGAATGCC-1,lipid_zones
GCTAGCTTGAATAGCT-1,lipid_zones
GCTATACGTCTCGGAC-1,lipid_zones
GCTCCGGACGTTGATA-1,lipid_zones
GCTTAATGTAACTAAC-1,lipid_zones
GCTTATGAAGCAGGAA-1,lipid_zones
GCTTTCTATCTCAACT-1,lipid_zones
GGAAACTAAATGGGCC-1,lipid_zones
GGACACAAGTTTACAC-1,lipid_zones
GGACGGCTTGCGCAAC-1,lipid_zones
GGAGACCAATGTGCTT-1,lipid_zones
GGAGCAACATTTCAAG-1,lipid_zones
GGATCCGGAATATACT-1,lipid_zones
GGATTAAGCTAAGGTC-1,lipid_zones
GGATTCCGCTATACCC-1,lipid_zones
GGATTTCACTTCTATA-1,lipid_zones
GGCAATAGTCAATGAG-1,lipid_zones
GGCGGTAGGATCATTG-1,lipid_zones
GGCTGAGCATCGTAAG-1,lipid_zones
GGGCGGTCCTATTGTC-1,lipid_zones
GGGCTGCCTAGGGCGA-1,lipid_zones
GGGTACCCACGGTCCT-1,lipid_zones
GGGTCAGGAGCTAGAT-1,lipid_zones
GGGTGCATATGAAAGC-1,lipid_zones
GGGTGGTCCAGCCTGT-1,lipid_zones
GGTACACCAGATTTAT-1,lipid_zones
GGTACCATTAAGACGG-1,lipid_zones
GGTGAAGTACAGGGAT-1,lipid_zones
GGTGCTGGTACACATT-1,lipid_zones
GGTTTGACAAGAAGCT-1,lipid_zones
GGTTTGCGAACACGTA-1,lipid_zones
GTAAGGATTTGTCGGA-1,lipid_zones
GTACGCTTCATTGCAC-1,lipid_zones
GTACTGGAGTTAGACC-1,lipid_zones
GTAGACACGCCTGACT-1,lipid_zones
GTAGCGGCTATACACT-1,lipid_zones
GTATCTTTCATAACCA-1,lipid_zones
GTATGACGTGGGAAAC-1,lipid_zones
GTATGTGGGTCTAGTT-1,lipid_zones
GTATTCTGAGAAACGA-1,lipid_zones
GTCAATGCTATAATTT-1,lipid_zones
GTCATTAGAGCGAACG-1,lipid_zones
GTCCTACGAATAGTCT-1,lipid_zones
GTCCTTCTAGTGGGTT-1,lipid_zones
GTCGTACCATCTCGGG-1,lipid_zones
GTCTTAGTACAGCCGG-1,lipid_zones
GTGACCGCACACTACG-1,lipid_zones
GTGATTCGCCGCTCAA-1,lipid_zones
GTGCCGCTTCAAAGGT-1,lipid_zones
GTGGTCAGCGAAGTAT-1,lipid_zones
GTGTGAATAACTTAGG-1,lipid_zones
GTGTTACTATGCGTCC-1,lipid_zones
GTTAACATCACTTAAA-1,lipid_zones
GTTAACTATGTTGTCA-1,lipid_zones
GTTAAGTTAGAGTGGG-1,lipid_zones
GTTACCTACAACTTGC-1,lipid_zones
GTTAGCCGTAAATCAA-1,lipid_zones
GTTCGTCTGGGTCCCT-1,lipid_zones
GTTGGATTCAGTGGCT-1,lipid_zones
GTTGGATTGAGAACAC-1,lipid_zones
GTTTCTGCAGTCTCCC-1,lipid_zones
TAAAGCTGCAATAGGG-1,lipid_zones
TAAAGGAGAAACTAGT-1,lipid_zones
TAAATCTTTACACCTC-1,lipid_zones
TAACATACAATGTGGG-1,lipid_zones
TAACTATTACGCCAAA-1,lipid_zones
TAAGCCCTTACGACCA-1,lipid_zones
TAAGTAACATCTTGAC-1,lipid_zones
TAATACACAGTAGTAT-1,lipid_zones
TAATAGAACAGAGTTA-1,lipid_zones
TAATCAGGAATGCTGC-1,lipid_zones
TACAACGCACAACTCA-1,lipid_zones
TACAAGTCTCGTGCAT-1,lipid_zones
TACCAGCTAGGTTTAA-1,lipid_zones
TACCGGCTCACTGCCC-1,lipid_zones
TACGCAGTTCTTTCCT-1,lipid_zones
TAGAAACCACTAAGTA-1,lipid_zones
TAGAATAGCCGATGAA-1,lipid_zones
TAGACTACCTAGCGTT-1,lipid_zones
TAGAGTCTAAGCGAAC-1,lipid_zones
TAGATATGGACTGGAA-1,lipid_zones
TAGCCGGCGGTCAGCG-1,lipid_zones
TAGCGTTGGGTCTTAC-1,lipid_zones
TAGGTCCAAGTAAGGA-1,lipid_zones
TAGGTGCTCGCCTAGC-1,lipid_zones
TAGTCTGTGACGTTGC-1,lipid_zones
TATCACCATGTAAAGT-1,lipid_zones
TATCACCCAACCGACC-1,lipid_zones
TATGAAGACAGGTGCG-1,lipid_zones
TATGATAAATCTAACG-1,lipid_zones
TATGTCTCATTGTGCC-1,lipid_zones
TATTACCATCCTGCTT-1,lipid_zones
TATTGACATTTCTGCC-1,lipid_zones
TCAAACTTAGATTGTT-1,lipid_zones
TCACAGGGAATCGCAA-1,lipid_zones
TCACATCTTATCTGAT-1,lipid_zones
TCACGGTCATCGCACA-1,lipid_zones
TCACTCGTGCAACGGC-1,lipid_zones
TCAGAACCTCCACAGG-1,lipid_zones
TCAGGGTGCACGAAAC-1,lipid_zones
TCAGGGTGTAACGTAA-1,lipid_zones
TCAGTACTGACCCGCG-1,lipid_zones
TCATCCCAGAGGGTGG-1,lipid_zones
TCCCGTCAGTCCCGCA-1,lipid_zones
TCCCGTCGCGTCATAG-1,lipid_zones
TCCGATAATTGCCATA-1,lipid_zones
TCCGATGACTGAGCTC-1,lipid_zones
TCCGCCTGTCTACAAG-1,lipid_zones
TCCGCGGCAGCATCTG-1,lipid_zones
TCCGCTGTCATCCCGG-1,lipid_zones
TCGGGCCGTCGTGGTA-1,lipid_zones
TCGTATTTCGTCCGGA-1,lipid_zones
TCGTCTTAGGCGTTAA-1,lipid_zones
TCGTGTTCGACCACAA-1,lipid_zones
TCGTTGCTATCCGGTC-1,lipid_zones
TCTACCCAATAGAGAG-1,lipid_zones
TCTACGGGCTCAGTTG-1,lipid_zones
TCTAGCATCTTCGATG-1,lipid_zones
TCTCCAACGTAGGTTA-1,lipid_zones
TCTCGGCTCCAGGACT-1,lipid_zones
TCTGATCGGGTGCTAG-1,lipid_zones
TCTGATGTATTCTGTC-1,lipid_zones
TCTGCATACCTTGCTT-1,lipid_zones
TCTTAGAGCTCCAATT-1,lipid_zones
TCTTCGAATAGACGTT-1,lipid_zones
TCTTGATGCGTAGCGA-1,lipid_zones
TGAATATGCTATAAAC-1,lipid_zones
TGACTATAATCCTTTC-1,lipid_zones
TGAGATTAGGCCCTAA-1,lipid_zones
TGAGTTAAAGACATTC-1,lipid_zones
TGATGGCTGTTTCTGA-1,lipid_zones
TGATGTCAATTAAGTG-1,lipid_zones
TGCACGAGTCGGCAGC-1,lipid_zones
TGCAGTGAGGCTCGGG-1,lipid_zones
TGCATCTCCGGATCTT-1,lipid_zones
TGCATGGCAGTCTTGC-1,lipid_zones
TGCCCGTACCGTTAAA-1,lipid_zones
TGCCGAAAGCGTATTC-1,lipid_zones
TGCCGTGGATCGTCCT-1,lipid_zones
TGCCTTGGCCAGGCAA-1,lipid_zones
TGCGCAAAGCATTTGG-1,lipid_zones
TGCGGAGTAAAGGTGC-1,lipid_zones
TGCGGTGAAATTTCAT-1,lipid_zones
TGCGTAAGAACCTGAT-1,lipid_zones
TGCGTTTGTTGACACT-1,lipid_zones
TGCTGTTGAAGAACTC-1,lipid_zones
TGGAGCTAAAGTTCCC-1,lipid_zones
TGGTATCGCATCCCAA-1,lipid_zones
TGGTCGTTTGATAGAT-1,lipid_zones
TGTAGGAGAAATTTCC-1,lipid_zones
TGTCCGTGGCGCCTTT-1,lipid_zones
TGTGAGACTAGCCCAA-1,lipid_zones
TTAAACAGAGTCCCGC-1,lipid_zones
TTAAGCCGACAACTTC-1,lipid_zones
TTAAGGATACGGAGGT-1,lipid_zones
TTAATGCGAGGTAACT-1,lipid_zones
TTAATGTAGACCAGGT-1,lipid_zones
TTACAGACCTAAATGA-1,lipid_zones
TTACGTATCTATGACA-1,lipid_zones
TTAGATAGGTCGATAC-1,lipid_zones
TTAGCTGATTTGCCGT-1,lipid_zones
TTAGTAAACCTGCTCT-1,lipid_zones
TTATCCGGGATCTATA-1,lipid_zones
TTATTAGAGCGTGTTC-1,lipid_zones
TTCAAGCCGAGCTGAG-1,lipid_zones
TTCCAGACGAGATTTA-1,lipid_zones
TTCCGCGTGAGGCGAT-1,lipid_zones
TTCCGGCCTTGAGGCT-1,lipid_zones
TTCCTCGGACTAACCA-1,lipid_zones
TTCGACGGGAAGGGCG-1,lipid_zones
TTCGGGACTAATCGCG-1,lipid_zones
TTCGTTCAACGAAGTT-1,lipid_zones
TTCTACCTTTATGTTG-1,lipid_zones
TTCTAGGCCAATTGTG-1,lipid_zones
TTCTGACCGGGCTCAA-1,lipid_zones
TTCTGCTAGACTCCAA-1,lipid_zones
TTCTTGAGCCGCGCTA-1,lipid_zones
TTCTTGCTAGCATCTC-1,lipid_zones
TTGATTAGCTGTTTCT-1,lipid_zones
TTGCAGGTCATGAAGT-1,lipid_zones
TTGCGGCATCAGAAAG-1,lipid_zones
TTGCTCCCATACCGGA-1,lipid_zones
TTGGACCATCTGGCAA-1,lipid_zones
TTGGGCGGCGGTTGCC-1,lipid_zones
TTGTATCACACAGAAT-1,lipid_zones
