Barcode,lipid_discard
AAACGGTTGCGAACTG-1,lipid_discard
AAATTGCGGCGGTTCT-1,lipid_discard
AACCTAAAGCCGTCCG-1,lipid_discard
AACTTCTGCGTCTATC-1,lipid_discard
AAGCGCAGGGCTTTGA-1,lipid_discard
AAGTGAGTCGGGTTTA-1,lipid_discard
AAGTTGTGATGTTATA-1,lipid_discard
AATCGTGAGCCGAGCA-1,lipid_discard
ACAAACCGACAAGGCG-1,lipid_discard
ACAAAGCATGACCTAG-1,lipid_discard
ACAATCGATCTTTATA-1,lipid_discard
ACCAAACTAGAAATCC-1,lipid_discard
ACCCTATGCCATATCG-1,lipid_discard
ACGCAAACTAATAGAT-1,lipid_discard
ACGCCCAGCTGTCGAT-1,lipid_discard
ACGTTCTGTACAAGTC-1,lipid_discard
AGACGGGATTGGTATA-1,lipid_discard
AGAGATCTCTAAAGCG-1,lipid_discard
AGCGTAGCGCTAGACC-1,lipid_discard
AGGCAAAGAGGAATCA-1,lipid_discard
AGGCTTGCTAGACACC-1,lipid_discard
AGTCTTTAAAGTGTCC-1,lipid_discard
AGTTGCTGACTGATAT-1,lipid_discard
AGTTTGGCCAGACCTA-1,lipid_discard
ATAAACGGACCCGTAA-1,lipid_discard
ATAATAGCTGTTGAAT-1,lipid_discard
ATCAAACGAAGGTTTG-1,lipid_discard
ATCTAGCTTGTGAGGG-1,lipid_discard
ATCTGACATGGAAGGA-1,lipid_discard
CAAGGCCAGTGGTGCA-1,lipid_discard
CAATATTGGACTAGTG-1,lipid_discard
CACCGTTAGGGATCAC-1,lipid_discard
CACTGACGATTGTGGA-1,lipid_discard
CAGAATATTCGTTATC-1,lipid_discard
CATGATCGCTTTGAGA-1,lipid_discard
CCAGAAAGCAACTCAT-1,lipid_discard
CCAGCTGATGGTACTT-1,lipid_discard
CCAGCTTCCGCCCGCA-1,lipid_discard
CCGTTCCGAATCTCGG-1,lipid_discard
CCTCCTGTTGTGTCGT-1,lipid_discard
CGACACGCTCCGACAG-1,lipid_discard
CGCATGCCGAATGCGT-1,lipid_discard
CGCGTCATATTAAACC-1,lipid_discard
CGGGCCATAGCCGCAC-1,lipid_discard
CGTATCTAGAACTAAG-1,lipid_discard
CGTGCCCGACATTTGT-1,lipid_discard
CGTGGAAGCCTCGTAC-1,lipid_discard
CTAAAGTCCGAAGCTA-1,lipid_discard
CTAGCAACTAATTTAC-1,lipid_discard
CTCAAACCACTGCCCG-1,lipid_discard
CTCTTCTGGAAGTTAG-1,lipid_discard
CTGCTGTCTAACGAGC-1,lipid_discard
CTGGGCGGCCAAATGT-1,lipid_discard
CTTTGCTGTCATGGAT-1,lipid_discard
CTTTGGCGCTTTATAC-1,lipid_discard
GAAACTCGTGCGATGC-1,lipid_discard
GAACAACTGGGATGAA-1,lipid_discard
GAATCTATACTCGGAC-1,lipid_discard
GACAGGCACACACTAT-1,lipid_discard
GACCAGGTCATTCATA-1,lipid_discard
GACTGCGGCACGTGTA-1,lipid_discard
GAGAAACTGGATCCCA-1,lipid_discard
GAGAACGGTTCTGACT-1,lipid_discard
GAGAGGCCTATGTGTA-1,lipid_discard
GAGGTACGCGTGTCCC-1,lipid_discard
GATGAGGAACCTTCGG-1,lipid_discard
GCAGAAGGTAATCTCC-1,lipid_discard
GCATGCTAATAACGAT-1,lipid_discard
GCATTGTAATTCATAT-1,lipid_discard
GGACTCACAAATTAGG-1,lipid_discard
GGAGCGAGGCCTACTT-1,lipid_discard
GGCAAGCCCATAGTGG-1,lipid_discard
GGCCGTTTGGGTTTCA-1,lipid_discard
GGCGCTTCATTCCCTG-1,lipid_discard
GGGAACCACCTGTTTC-1,lipid_discard
GGTAAACTCTGCGCTG-1,lipid_discard
GGTACGTTGCGGCCGG-1,lipid_discard
GGTGTTGGGCGTCTTA-1,lipid_discard
GGTTAGTTACGGCGCC-1,lipid_discard
GTCATGCGCGAGGGCT-1,lipid_discard
GTCATTGCATTGACCC-1,lipid_discard
GTCCAATATTTAGCCT-1,lipid_discard
GTCGTACCATCTCGGG-1,lipid_discard
GTGGACCAACCCGATT-1,lipid_discard
GTGGCGGGCCGTAGCT-1,lipid_discard
GTGGCGGTCCCAGCGT-1,lipid_discard
GTGGTATAGTCTGCCG-1,lipid_discard
GTGTGAGCCGAGGTGC-1,lipid_discard
GTTAGCCCATGACATC-1,lipid_discard
GTTATTAACGTGGGAG-1,lipid_discard
TAATGAAAGACCCTTG-1,lipid_discard
TACCGAATAATTGTAA-1,lipid_discard
TACCTCTTTACCATCC-1,lipid_discard
TACCTGCTGCACTGTG-1,lipid_discard
TACGTACTAGTGCTGA-1,lipid_discard
TACTTAAACATGTACA-1,lipid_discard
TAGAGATCATGCAACT-1,lipid_discard
TAGGCCTATATAGTCT-1,lipid_discard
TAGGCTAAAGTGGCAC-1,lipid_discard
TATACCGAGTGCCACA-1,lipid_discard
TATACTCATGCGGCAA-1,lipid_discard
TATTCCTCCGCCCACT-1,lipid_discard
TCAACATAGCGCCCTA-1,lipid_discard
TCAACGCGACCGGCAG-1,lipid_discard
TCACTCAGCGCATTAG-1,lipid_discard
TCCAACTCAGCTATCT-1,lipid_discard
TCCAAGCCTAGACACA-1,lipid_discard
TCCGAACGTTGCCGCT-1,lipid_discard
TCCGAACTTGGCTTAC-1,lipid_discard
TCCGGGCTTGACGGGA-1,lipid_discard
TCGTCACACTGTTAGC-1,lipid_discard
TCTAGCAATCTCCGCC-1,lipid_discard
TCTATGCTATAACGAC-1,lipid_discard
TCTGTGACTGACCGTT-1,lipid_discard
TCTGTTACCCAGCATA-1,lipid_discard
TGAGGTTGATCCCAAG-1,lipid_discard
TGATTCCCGGTTACCT-1,lipid_discard
TGCAGAACTATATCGT-1,lipid_discard
TGCGTACGGCTAATTG-1,lipid_discard
TGCGTGATTGGGTGTC-1,lipid_discard
TGGCAAGCACAAGTCG-1,lipid_discard
TGGTGATCGTATTTGT-1,lipid_discard
TTAGTAAACCTGCTCT-1,lipid_discard
TTATCGCCTGCGAAGC-1,lipid_discard
TTATTTAGGTTCCTTA-1,lipid_discard
TTCGGTACTGTAGAGG-1,lipid_discard
TTGACCGTGTTAATGA-1,lipid_discard
