Barcode,lipid_zones
AAACCTAAGCAGCCGG-1,lipid_zones
AAACGGGTTGGTATCC-1,lipid_zones
AAAGGCTCTCGCGCCG-1,lipid_zones
AAAGGTAAGCTGTACC-1,lipid_zones
AAATACCTATAAGCAT-1,lipid_zones
AAATCCGATACACGCC-1,lipid_zones
AAATGGCCCGTGCCCT-1,lipid_zones
AAATGTGGGTGCTCCT-1,lipid_zones
AAATTGGTGAGAAGCA-1,lipid_zones
AAATTTGCGGGTGTGG-1,lipid_zones
AACACGAGACGCGGCC-1,lipid_zones
AACAGCTGTGTGGCAA-1,lipid_zones
AACAGGAAATCGAATA-1,lipid_zones
AACCCGACAACCCGTG-1,lipid_zones
AACCTCGCTTTAGCCC-1,lipid_zones
AACGCGACCTTGGGCG-1,lipid_zones
AACTAGCGTATCGCAC-1,lipid_zones
AACTCAAGTTAATTGC-1,lipid_zones
AACTGAGGTCAGCGTC-1,lipid_zones
AACTGATATTAGGCCT-1,lipid_zones
AACTGGGTTCGAGCCG-1,lipid_zones
AAGAAATCACCAGATT-1,lipid_zones
AAGCACCCTGCGTATC-1,lipid_zones
AAGCCGCTTTACCTTG-1,lipid_zones
AAGGGAACGACTGGCT-1,lipid_zones
AAGTAGAAGACCGGGT-1,lipid_zones
AAGTCTAGTAGCTGCC-1,lipid_zones
AAGTTCGGCCAACAGG-1,lipid_zones
AAGTTGTGATGTTATA-1,lipid_zones
AATACCTGATGTGAAC-1,lipid_zones
AATAGAACAGAGTGGC-1,lipid_zones
AATAGTCCGTCCCGAC-1,lipid_zones
AATATCGAATCAATGC-1,lipid_zones
AATCGTGAGCCGAGCA-1,lipid_zones
AATCTAGGTTTACTTG-1,lipid_zones
AATCTGGCTTTCTAGT-1,lipid_zones
AATGGTTCTCACAAGC-1,lipid_zones
AATGTTGTCGTGAGAC-1,lipid_zones
AATTTGGTTCCAAAGA-1,lipid_zones
ACAAATGGTAGTGTTT-1,lipid_zones
ACAAGGATGCTTTAGG-1,lipid_zones
ACAATAGTCGTACGTT-1,lipid_zones
ACAATGAATACGGAGA-1,lipid_zones
ACAATGATTCTTCTAC-1,lipid_zones
ACACGTAGGCCACAAG-1,lipid_zones
ACACTGATCAAGGTGT-1,lipid_zones
ACAGGCTTGCCCGACT-1,lipid_zones
ACATCCCGGCCATACG-1,lipid_zones
ACATCGGTCAGCCGCG-1,lipid_zones
ACATCGTATGCAATGG-1,lipid_zones
ACATTTGAAACCTAAC-1,lipid_zones
ACCAAACTAGAAATCC-1,lipid_zones
ACCAACGCTTATTTAT-1,lipid_zones
ACCAAGAACGCGTGTC-1,lipid_zones
ACCACCCTCTCTTCTA-1,lipid_zones
ACCAGGAGTGTGATCT-1,lipid_zones
ACCATCGTATATGGTA-1,lipid_zones
ACCCGATTGGTTCCGA-1,lipid_zones
ACCCGGTTACACTTCC-1,lipid_zones
ACCCTTCATCTGCGAA-1,lipid_zones
ACCGACACATCTCCCA-1,lipid_zones
ACCTCCGCCCTCGCTG-1,lipid_zones
ACCTTTCCTTTAGAAG-1,lipid_zones
ACGAGGATACCACTCT-1,lipid_zones
ACGATGCATATGTTAT-1,lipid_zones
ACGATGGATCCGATGC-1,lipid_zones
ACGCAAACTAATAGAT-1,lipid_zones
ACGCAATCACTACAGC-1,lipid_zones
ACGCCCAGCTGTCGAT-1,lipid_zones
ACGCCGCTAGACGACC-1,lipid_zones
ACGGAACACGAGTGCC-1,lipid_zones
ACGGACTCTCAAAGCG-1,lipid_zones
ACGGCCAACATGGACT-1,lipid_zones
ACGGCGGGTTGCCCTG-1,lipid_zones
ACGGGAGTGTCGGCCC-1,lipid_zones
ACGGTACAGTTCAATG-1,lipid_zones
ACGTACTTTGGCACGG-1,lipid_zones
ACGTAGATTGCTGATG-1,lipid_zones
ACGTATTACTCCGATC-1,lipid_zones
ACGTGCGCCTCGTGCA-1,lipid_zones
ACGTTCCGCGCTCCGT-1,lipid_zones
ACGTTTAGTTGTGATC-1,lipid_zones
ACTACAAAGAGAGGTG-1,lipid_zones
ACTATATGCTGTGTTC-1,lipid_zones
ACTATCTGCCCGCGTA-1,lipid_zones
ACTATGTCCAGCTGCC-1,lipid_zones
ACTCCCTAGAATAGTA-1,lipid_zones
ACTGCCGTCGTAACTC-1,lipid_zones
ACTTGTGGATGGAACG-1,lipid_zones
ACTTTACCCTCATGAA-1,lipid_zones
AGAAGGTACACTTCAC-1,lipid_zones
AGAAGGTTGTAGGTCG-1,lipid_zones
AGACCGCTCCGCGGTT-1,lipid_zones
AGACCGGGAAACCCTG-1,lipid_zones
AGAGCGCTTGTAACGG-1,lipid_zones
AGAGCGGGCTAATCAT-1,lipid_zones
AGAGGTATCTCGGTCC-1,lipid_zones
AGATACCGGTGTTCAC-1,lipid_zones
AGCAAAGGCCGCTAGT-1,lipid_zones
AGCATCATTTCGAAAG-1,lipid_zones
AGCATTACGAGGCAAG-1,lipid_zones
AGCCACAGGTTACCCG-1,lipid_zones
AGCCCGCAACAAGCAG-1,lipid_zones
AGCCCTAAGCGAAGTT-1,lipid_zones
AGCCGTGGCTAAATGT-1,lipid_zones
AGCCTAATACCCACGT-1,lipid_zones
AGCGACATCCCATTCA-1,lipid_zones
AGCGGCGGTTAGCGGT-1,lipid_zones
AGCGGTTGAGATGTAC-1,lipid_zones
AGCGTTCCGATTTAAA-1,lipid_zones
AGCTAAGTACGCAGGC-1,lipid_zones
AGCTCCATATATGTTC-1,lipid_zones
AGCTTGATCAGGGTAG-1,lipid_zones
AGGAAGCTGTCCGCCG-1,lipid_zones
AGGATATCCGACTGCA-1,lipid_zones
AGGCCCTAGAACGCCA-1,lipid_zones
AGGCCTGAGAATCTCG-1,lipid_zones
AGGCGGTTTGTCCCGC-1,lipid_zones
AGGGACTCTACGCGAC-1,lipid_zones
AGGGAGACATACTTCG-1,lipid_zones
AGGGCGAGCAGCTGAT-1,lipid_zones
AGGGCGTGATCGGCTA-1,lipid_zones
AGGGCTGCAGTTACAG-1,lipid_zones
AGGGTTCAGACGGTCC-1,lipid_zones
AGGTCAGGTGAGAGTG-1,lipid_zones
AGTACCTTCGAGTGCT-1,lipid_zones
AGTATACACAGCGACA-1,lipid_zones
AGTATTTGGCACGACC-1,lipid_zones
AGTCCATTGGCTGATG-1,lipid_zones
AGTCGGCTCAACTTTA-1,lipid_zones
AGTGAACAAACTTCTC-1,lipid_zones
AGTGACCTACTTTACG-1,lipid_zones
AGTGAGACTTCCAGTA-1,lipid_zones
AGTGATATGAGTAGTT-1,lipid_zones
AGTGCTAAACACAGCA-1,lipid_zones
AGTGGCGTCTGAAGGT-1,lipid_zones
AGTTAAACACTTGCGA-1,lipid_zones
AGTTGGCAAGGCTAGA-1,lipid_zones
AGTTTCGCAGGTCGGA-1,lipid_zones
AGTTTGGCCAGACCTA-1,lipid_zones
ATAAACCATTGGACGG-1,lipid_zones
ATAAAGGTCAAGTACG-1,lipid_zones
ATAACGCCGGAGGGTC-1,lipid_zones
ATAAGTTACCGCGACG-1,lipid_zones
ATAATAGCTGTTGAAT-1,lipid_zones
ATACCAGGTGAGCGAT-1,lipid_zones
ATACGCCGATCTACCG-1,lipid_zones
ATAGATTTGCAGTCGG-1,lipid_zones
ATAGGCGGCTATAGAA-1,lipid_zones
ATCAATCTGGGCTGCA-1,lipid_zones
ATCAATGCCGTGGCTG-1,lipid_zones
ATCAGACGGCACGCCG-1,lipid_zones
ATCAGCTCGTCCACTA-1,lipid_zones
ATCATCTGCCCAGTGT-1,lipid_zones
ATCCACATCGACAGAA-1,lipid_zones
ATCCACGCTAAATGTT-1,lipid_zones
ATCCTGCGTGGAATGG-1,lipid_zones
ATCGTGGAAAGTCTGG-1,lipid_zones
ATCTCCCTGCAATCTA-1,lipid_zones
ATGACGCCGGCTCTAA-1,lipid_zones
ATGATGCAATGGTACA-1,lipid_zones
ATGCCGGTTGATGGGA-1,lipid_zones
ATGGGAACGGAAGCGG-1,lipid_zones
ATGGGACCTGCTGAAC-1,lipid_zones
ATGGTGCTCAAAGCCA-1,lipid_zones
ATGTACGATGACGTCG-1,lipid_zones
ATGTGAAAGCCTAATG-1,lipid_zones
ATGTGGACATCTTGAT-1,lipid_zones
ATGTTGTAGTCTGTTT-1,lipid_zones
ATTAATTCGGTCACTC-1,lipid_zones
ATTACATGTCAGTCTT-1,lipid_zones
ATTACTAGCCTCTTGC-1,lipid_zones
ATTCAGGATCGCCTCT-1,lipid_zones
ATTCATCGTTGAGGCA-1,lipid_zones
ATTCTGAGTATGAACT-1,lipid_zones
ATTGCCTTTATGTTTG-1,lipid_zones
ATTGGGAGTTCTGTAA-1,lipid_zones
ATTGTACAACTCGGCT-1,lipid_zones
ATTGTGACTTCGCTGC-1,lipid_zones
CAAACGAGTATCGCAG-1,lipid_zones
CAAAGATTATTGGGCC-1,lipid_zones
CAAATCTCTCACAAGG-1,lipid_zones
CAAATGTCCTTCCGTG-1,lipid_zones
CAAATTGTCAGCAAGC-1,lipid_zones
CAACAGAATAACGCTA-1,lipid_zones
CAACAGTGCCAAACGG-1,lipid_zones
CAACGGTTCTTGATAC-1,lipid_zones
CAACTCCAACGTTTAG-1,lipid_zones
CAACTCCTTGATCCCG-1,lipid_zones
CAAGAGGGCGGAGTAC-1,lipid_zones
CAAGCACCAAATGCCT-1,lipid_zones
CAAGTGAACTTTGGTT-1,lipid_zones
CAATGGTCGGCCTGGG-1,lipid_zones
CACACGTTTCAATGGG-1,lipid_zones
CACAGGGCCGTTGTCA-1,lipid_zones
CACAGTTCGCTTCCCA-1,lipid_zones
CACATAAGGCGACCGT-1,lipid_zones
CACATATTAGCAGGAT-1,lipid_zones
CACCATCGGAGGAGAC-1,lipid_zones
CACCATGATCGCAAAG-1,lipid_zones
CACCCTTGGTGAGACC-1,lipid_zones
CACCGTATCCCATCCG-1,lipid_zones
CACCTCGATGGTGGAC-1,lipid_zones
CACGACTAAAGTTCTG-1,lipid_zones
CACGCGGAACTGTTGC-1,lipid_zones
CACTCAGCTCTTGAGG-1,lipid_zones
CACTCGAGCTGAACAA-1,lipid_zones
CACTCTCAAGCATCGA-1,lipid_zones
CAGAACTTAGCCCTCT-1,lipid_zones
CAGAATAACACACGGA-1,lipid_zones
CAGAGTGATTTAACGT-1,lipid_zones
CAGATAATGGGCGGGT-1,lipid_zones
CAGATCCTGGTTTGAA-1,lipid_zones
CAGCAGTCTGTGCTGC-1,lipid_zones
CAGCGATTCCCTTCAA-1,lipid_zones
CAGCTGGCGTAACCGT-1,lipid_zones
CAGGCAGTCTTACCAG-1,lipid_zones
CAGGCGCACGGTGGTC-1,lipid_zones
CAGGCGCCATGCTAGG-1,lipid_zones
CAGTACCAGTTTACGT-1,lipid_zones
CAGTGTCGGCTGGCCC-1,lipid_zones
CATAAGAAGCTTGGCT-1,lipid_zones
CATACTTCTTTCTCCG-1,lipid_zones
CATAGCGTTGCCCACC-1,lipid_zones
CATATAGGTACAGTCA-1,lipid_zones
CATATGTCAGGCTACG-1,lipid_zones
CATCATCTACCCGGAC-1,lipid_zones
CATCTACCCGAGAACG-1,lipid_zones
CATGATGGAAGTTAGC-1,lipid_zones
CATGCACGTGTTACTG-1,lipid_zones
CATGCCAACTCGCAAA-1,lipid_zones
CATGCGTTAGACAGAA-1,lipid_zones
CATGCTGGCTCCAATT-1,lipid_zones
CATGGTAAGTAGCGTT-1,lipid_zones
CATGTAAGAGACATTT-1,lipid_zones
CATTACGCAGGAAGGG-1,lipid_zones
CATTACGTCGGCCCGT-1,lipid_zones
CATTGATGAACACGCC-1,lipid_zones
CCAAACAGAACCCTCG-1,lipid_zones
CCAAATAACAAGATTC-1,lipid_zones
CCAAGCGTAACTCGTA-1,lipid_zones
CCAAGGTTGCCCTTTC-1,lipid_zones
CCAATTGAATGTTAAT-1,lipid_zones
CCACGGCAGGTGTAGG-1,lipid_zones
CCAGATGTAAATGGGT-1,lipid_zones
CCAGCTCGAACGCATT-1,lipid_zones
CCATAGGTTGGCGTGG-1,lipid_zones
CCATGCTCTGCAGGAA-1,lipid_zones
CCCAAACATGCTGCTC-1,lipid_zones
CCCAACATACGTCGCG-1,lipid_zones
CCCAAGAATGCACGGT-1,lipid_zones
CCCAAGACAGAGTATG-1,lipid_zones
CCCAGGTCTGAAGGCT-1,lipid_zones
CCCGGTGTATCGGAAT-1,lipid_zones
CCCGTTTCGCAGATGT-1,lipid_zones
CCCTCCTCGCTCGTAT-1,lipid_zones
CCCTGCCCAATCCGCT-1,lipid_zones
CCGAACACTGGGCCTC-1,lipid_zones
CCGAACCTTCCCGGCC-1,lipid_zones
CCGACAATAGGCCGCC-1,lipid_zones
CCGCACTTGCAATGAC-1,lipid_zones
CCGCCACCACAATCCA-1,lipid_zones
CCGCTTACCTCACTCT-1,lipid_zones
CCGCTTGCTGACATGG-1,lipid_zones
CCGGGACCCGCAGAGA-1,lipid_zones
CCGGGCTAAGAATTTC-1,lipid_zones
CCGTTCCGAATCTCGG-1,lipid_zones
CCTAAACAGGGTCCGT-1,lipid_zones
CCTAAATTGTATCCTA-1,lipid_zones
CCTAACCCAAACAAGT-1,lipid_zones
CCTAGGTAAAGGTAGC-1,lipid_zones
CCTATGGCTCCTAGTG-1,lipid_zones
CCTATGTCCACTCCAC-1,lipid_zones
CCTCCGACAATTCAAG-1,lipid_zones
CCTCGAAGTGGACGGG-1,lipid_zones
CCTCTCTCCCATCTAG-1,lipid_zones
CCTGACGCAACCTTTA-1,lipid_zones
CCTGAGAATAAATGCA-1,lipid_zones
CCTGTACTCACGCCCA-1,lipid_zones
CCTGTCGTGTATGAAG-1,lipid_zones
CCTTGACCACTTTATT-1,lipid_zones
CCTTGTGAACGTGGTT-1,lipid_zones
CGAACGCCCAGTGCCG-1,lipid_zones
CGAAGCCACAGCATGG-1,lipid_zones
CGAAGTTGCTCTGTGT-1,lipid_zones
CGAATCTGCTCGACGC-1,lipid_zones
CGAATGAAGTCATTGC-1,lipid_zones
CGAATGGTAGGTCGTC-1,lipid_zones
CGAATTACATGGTGTT-1,lipid_zones
CGAGACTACTGCTGCT-1,lipid_zones
CGAGAGCTTTCACTAC-1,lipid_zones
CGAGATGTTGCCTATA-1,lipid_zones
CGAGCTGGGCTTTAGG-1,lipid_zones
CGAGTACTAAAGAGGA-1,lipid_zones
CGAGTGAAGGTACCAG-1,lipid_zones
CGATCTGTTGGAGGAC-1,lipid_zones
CGCATCCATCAGCCAG-1,lipid_zones
CGCCAGTAGTACCTTG-1,lipid_zones
CGCCTCCCTCCTCTAT-1,lipid_zones
CGCGTGCTATCAACGA-1,lipid_zones
CGCTTCGGTCTAAGAC-1,lipid_zones
CGCTTTCATACCGGTG-1,lipid_zones
CGGAACGTAAACATAG-1,lipid_zones
CGGATGAATGCTGTGA-1,lipid_zones
CGGCAATAAGATCGCC-1,lipid_zones
CGGCCAGAGCGACCAT-1,lipid_zones
CGGCCCAACCTGTAGT-1,lipid_zones
CGGTGCAGATAGAACG-1,lipid_zones
CGTAAAGCAAGAAATC-1,lipid_zones
CGTAACTTCGACACTT-1,lipid_zones
CGTCGCTTGGTTATAC-1,lipid_zones
CGTGAAGTTAATTCAC-1,lipid_zones
CGTGGCCGAATATCTA-1,lipid_zones
CGTGGTACCCAAAGGC-1,lipid_zones
CGTTCAAGGAAACGGA-1,lipid_zones
CGTTCATGGTGCGCGT-1,lipid_zones
CGTTGAGCGACCGTCG-1,lipid_zones
CGTTGTAAGATTGATT-1,lipid_zones
CGTTTAAGCGGAGCAC-1,lipid_zones
CTAAAGAATGCCTACT-1,lipid_zones
CTAAGGGAATGATTGG-1,lipid_zones
CTACGATCCTATCCTA-1,lipid_zones
CTAGATGTGAGTGTAA-1,lipid_zones
CTAGGCGCCCTATCAG-1,lipid_zones
CTAGGTCTGAAGGAAT-1,lipid_zones
CTAGGTTCGGACGTGA-1,lipid_zones
CTAGTAGAAAGGGATT-1,lipid_zones
CTATGAACACCTTGCC-1,lipid_zones
CTCAACTAACCCGGAT-1,lipid_zones
CTCACATTTACTAAAT-1,lipid_zones
CTCACTGTGATACTTA-1,lipid_zones
CTCATGGCTCACAATC-1,lipid_zones
CTCGCCGAATGTAGGG-1,lipid_zones
CTCGCTAGGTAAGCGA-1,lipid_zones
CTCGGGCATCGTCGGG-1,lipid_zones
CTCGGTCCGTAGCCTG-1,lipid_zones
CTCGTCGAGGGCTCAT-1,lipid_zones
CTCTACACTGGCGATT-1,lipid_zones
CTCTATTTGGCTGCAG-1,lipid_zones
CTCTCACAATCGATGA-1,lipid_zones
CTCTGTGCCTGCTATG-1,lipid_zones
CTCTGTTTGAGGATTC-1,lipid_zones
CTCTTGTCCCGCTTGG-1,lipid_zones
CTGAAAGAGATCCGAC-1,lipid_zones
CTGATCCCTTTATGCA-1,lipid_zones
CTGCAAATGGGCTCCA-1,lipid_zones
CTGCACCTGGAACCGC-1,lipid_zones
CTGGAAGACACGGTGG-1,lipid_zones
CTGGACGCAGTCCGGC-1,lipid_zones
CTGGCGCACAGGTCTG-1,lipid_zones
CTGGCTGGTTGTCAGT-1,lipid_zones
CTGGGCGGCCAAATGT-1,lipid_zones
CTGGTAAAGACTTACA-1,lipid_zones
CTGGTAACACATAGAA-1,lipid_zones
CTGTAGTGAGGATCGA-1,lipid_zones
CTGTGGTCGGGAGATA-1,lipid_zones
CTGTTCATCTCACGGG-1,lipid_zones
CTTAACTTCGAAGTAC-1,lipid_zones
CTTCAGTGGTCGCCTA-1,lipid_zones
CTTCATAGCTCAAGAA-1,lipid_zones
CTTCGGCCAATTGTTT-1,lipid_zones
CTTGCCCACCCACGCA-1,lipid_zones
CTTGTACTTGTTGACT-1,lipid_zones
GAAACAGCCATGCAGT-1,lipid_zones
GAAACCATGGTGCGCT-1,lipid_zones
GAAACCGAATTACCTT-1,lipid_zones
GAAACTCTAATGAAGG-1,lipid_zones
GAAAGCAGTGCACTTT-1,lipid_zones
GAAATCGCGCGCAACT-1,lipid_zones
GAAATTGTCTCTATAA-1,lipid_zones
GAACAGATTACTAAAT-1,lipid_zones
GAACCATCTGGGAGAC-1,lipid_zones
GAACCTTTAACGATCC-1,lipid_zones
GAAGACTTCAATGCCG-1,lipid_zones
GAAGTGATTTATCGTG-1,lipid_zones
GAATGCGAATCGGTTC-1,lipid_zones
GACAAACATATGCAGG-1,lipid_zones
GACACAGCCGGGACTG-1,lipid_zones
GACACTGAGTTCAGTG-1,lipid_zones
GACACTGGAACCCGAT-1,lipid_zones
GACCAGGTCATTCATA-1,lipid_zones
GACCGCGTCTGACGTG-1,lipid_zones
GACGCCGTAAAGGCTA-1,lipid_zones
GACGCTTGCTTCTAAA-1,lipid_zones
GACGGGATGTCTTATG-1,lipid_zones
GACTACAAAGCGGTGG-1,lipid_zones
GACTCCCAGAATAAGG-1,lipid_zones
GACTCGGTCGGCGGAT-1,lipid_zones
GACTGCACCAGCCCAG-1,lipid_zones
GAGAACGGTTCTGACT-1,lipid_zones
GAGACCCTGCAACGCC-1,lipid_zones
GAGATGACAATCCTTA-1,lipid_zones
GAGCCAGCTACCTGTG-1,lipid_zones
GAGCGCAAATACTCCG-1,lipid_zones
GAGCGCTGTTAGGTAA-1,lipid_zones
GAGCGGAATGCGGTGT-1,lipid_zones
GAGGAATATCTCTTTG-1,lipid_zones
GAGGAGTAATTCCTAC-1,lipid_zones
GAGGCATTTGCAGCAG-1,lipid_zones
GAGGGAGTCAGATCGC-1,lipid_zones
GAGGTACATCCATCTT-1,lipid_zones
GAGTAGATACTAGTTG-1,lipid_zones
GAGTATACCCTAATCA-1,lipid_zones
GAGTATGCGCGTGCAT-1,lipid_zones
GAGTGTCAACCAGAAA-1,lipid_zones
GATACGATGGGAGTCA-1,lipid_zones
GATAGATAGTACAGTC-1,lipid_zones
GATAGTGCGAGTAAGT-1,lipid_zones
GATATTTCCTACATGG-1,lipid_zones
GATCGCTATATCTCAG-1,lipid_zones
GATGCTACAAGCGCCT-1,lipid_zones
GATTACTGAATTTGGG-1,lipid_zones
GCAAGAATTCCTTGGC-1,lipid_zones
GCAAGATGTGTTCGCG-1,lipid_zones
GCAAGTGTAAAGCATG-1,lipid_zones
GCACAAGTGTCGGAAG-1,lipid_zones
GCACTGCCTACCTTTA-1,lipid_zones
GCAGGAACTTAGATCT-1,lipid_zones
GCATTGTAATTCATAT-1,lipid_zones
GCCATCGAGCTGCGTG-1,lipid_zones
GCCCATGGGTGCAATG-1,lipid_zones
GCCCTAGCCGTCGCGA-1,lipid_zones
GCCGGAAACACATCTT-1,lipid_zones
GCCGGTCGTATCTCTC-1,lipid_zones
GCCGGTTTGGGCGGAT-1,lipid_zones
GCCTAGCGATCTGACC-1,lipid_zones
GCCTTCAGCCCTACCG-1,lipid_zones
GCGAAGAATCTGACGG-1,lipid_zones
GCGACCCAACCATCTG-1,lipid_zones
GCGAGAGTTGCGTCCA-1,lipid_zones
GCGAGGCCCGAGCAGA-1,lipid_zones
GCGCAAATATATTCAA-1,lipid_zones
GCGCAAGAGCGCGCTG-1,lipid_zones
GCGCGGTCTAGTAACT-1,lipid_zones
GCGCTAAGTATGCATG-1,lipid_zones
GCGCTATGCCGAGGCA-1,lipid_zones
GCGCTGATCCAGACTC-1,lipid_zones
GCGGAGAGGGAGAACG-1,lipid_zones
GCGGGAACCAGGCCCT-1,lipid_zones
GCGGGCGAGCCTTACC-1,lipid_zones
GCGTAAATGGCCATAA-1,lipid_zones
GCGTCGAAATGTCGGT-1,lipid_zones
GCTAAGTAGTTTCTCT-1,lipid_zones
GCTAATACCGAATGCC-1,lipid_zones
GCTAGCTTGAATAGCT-1,lipid_zones
GCTCATTGATCATATC-1,lipid_zones
GCTCCATGCAAAGCAA-1,lipid_zones
GCTCGCTCATGTCCAA-1,lipid_zones
GCTGCTAAGTAGTCGA-1,lipid_zones
GCTGGACCCAAAGTGG-1,lipid_zones
GCTGTCTGTGATCGAC-1,lipid_zones
GCTTCAGTGGGATTAC-1,lipid_zones
GGAATGCGCTAGCGTG-1,lipid_zones
GGACTCGACAGCGCAT-1,lipid_zones
GGAGTGCCGCCCTGGA-1,lipid_zones
GGATCCGGAATATACT-1,lipid_zones
GGATCTTGACTCAACC-1,lipid_zones
GGATGACGCGAGTTTA-1,lipid_zones
GGCAAATTACTTTACT-1,lipid_zones
GGCAAGCCAGGGATAG-1,lipid_zones
GGCAAGCCCATAGTGG-1,lipid_zones
GGCACTGCGGTGGTTT-1,lipid_zones
GGCATACAGGTAGCGG-1,lipid_zones
GGCATATCGGTTCTGC-1,lipid_zones
GGCCCGTATACCATGC-1,lipid_zones
GGCGAGCATCGAGGAC-1,lipid_zones
GGCGCATGAATTGATG-1,lipid_zones
GGCGTACCCTATATAA-1,lipid_zones
GGCGTAGGGAAAGCTG-1,lipid_zones
GGCTCGTGCCACCAGC-1,lipid_zones
GGGAACGGGAGGTTAG-1,lipid_zones
GGGAAGACGGTCTGTC-1,lipid_zones
GGGAAGGGCTTTCTCA-1,lipid_zones
GGGACCCGTATATCTT-1,lipid_zones
GGGATTTACCGCACCT-1,lipid_zones
GGGCACGTAGTACTGT-1,lipid_zones
GGGCCCGTCTTAAACA-1,lipid_zones
GGGCGGGTTCCCTACG-1,lipid_zones
GGGCGTCCACTGGCTC-1,lipid_zones
GGGCTATGATCGATGG-1,lipid_zones
GGGTGTTTCAGCTATG-1,lipid_zones
GGGTTAACATTTGAGT-1,lipid_zones
GGTCAAGACTACTTCG-1,lipid_zones
GGTCGGTCGTCCACAG-1,lipid_zones
GGTCGTAAGCTCGCAC-1,lipid_zones
GGTGAAGTACAGGGAT-1,lipid_zones
GGTGCATAAATGATTA-1,lipid_zones
GGTGTTCTGTTTCTAC-1,lipid_zones
GGTTACCACCCTCGGG-1,lipid_zones
GGTTCCACCCGCTTCT-1,lipid_zones
GGTTCGCATTTGCCGT-1,lipid_zones
GGTTGTATCGTGAAAT-1,lipid_zones
GGTTTAGCCTTTCTTG-1,lipid_zones
GTAACATCTAAGATAA-1,lipid_zones
GTAACTGCCCAAGGAG-1,lipid_zones
GTAAGGATTTGTCGGA-1,lipid_zones
GTAATAAAGGGCTCCC-1,lipid_zones
GTACGCTTCATTGCAC-1,lipid_zones
GTACGTCACGTATTAA-1,lipid_zones
GTACTGGAGTTAGACC-1,lipid_zones
GTAGACACGCCTGACT-1,lipid_zones
GTAGCCAAACATGGGA-1,lipid_zones
GTAGTCTACGATATTG-1,lipid_zones
GTATCTTTCATAACCA-1,lipid_zones
GTCAAAGAAGTGGTGT-1,lipid_zones
GTCAATGCTATAATTT-1,lipid_zones
GTCAGTTGTGCTCGTT-1,lipid_zones
GTCCAGGCACGTGTGC-1,lipid_zones
GTCCGGACCTGAAATT-1,lipid_zones
GTCCTACGAATAGTCT-1,lipid_zones
GTCGAATTTGGGCGCT-1,lipid_zones
GTCGGAAGGATACCAG-1,lipid_zones
GTCGTGTCTGGTCATC-1,lipid_zones
GTCGTTATTCGCTTAT-1,lipid_zones
GTCTATACACGCATGG-1,lipid_zones
GTCTATCTGAGTTTCT-1,lipid_zones
GTCTATTGGTTCCGGT-1,lipid_zones
GTCTCGACTAAGTTTG-1,lipid_zones
GTCTCGCCAACACGCC-1,lipid_zones
GTCTGGGCGGTCGAGA-1,lipid_zones
GTGACTTCAGTAGTGC-1,lipid_zones
GTGCACGAAAGTGACT-1,lipid_zones
GTGCCATCACACGGTG-1,lipid_zones
GTGCCGCTTCAAAGGT-1,lipid_zones
GTGCGAAATCGAACAC-1,lipid_zones
GTGGAGCGTTTACCGA-1,lipid_zones
GTGGCAAACAGCGGCA-1,lipid_zones
GTGGCGGGCCGTAGCT-1,lipid_zones
GTGGCGGTCCCAGCGT-1,lipid_zones
GTGGGAACAAACCGGG-1,lipid_zones
GTGGTTACTTCTTTCG-1,lipid_zones
GTGTGAATAACTTAGG-1,lipid_zones
GTTAAGGGTGCGATGT-1,lipid_zones
GTTACCTACAACTTGC-1,lipid_zones
GTTACTTTGGGCCTAG-1,lipid_zones
GTTAGGCTACCCGTTT-1,lipid_zones
GTTATAATACGGTGAA-1,lipid_zones
GTTATTAAATACGACC-1,lipid_zones
GTTCACAGGAGTCTAG-1,lipid_zones
GTTCATCGTTTGGCTG-1,lipid_zones
GTTCCAGTCTGACCAT-1,lipid_zones
GTTCGACAATTGTATA-1,lipid_zones
GTTCTTCCCTCGATGT-1,lipid_zones
GTTTACGTTCCATCTG-1,lipid_zones
GTTTGGGTTTCGCCCG-1,lipid_zones
TAAAGGAGAAACTAGT-1,lipid_zones
TAACAAAGGGAGAAGC-1,lipid_zones
TAACTCATCCGCGCGG-1,lipid_zones
TAACTGAAATACGCCT-1,lipid_zones
TAAGCCCTTACGACCA-1,lipid_zones
TAAGGCCCGTCACCCT-1,lipid_zones
TAATACACAGTAGTAT-1,lipid_zones
TAATAGGTCACCAGAA-1,lipid_zones
TAATATTGAAATTCGC-1,lipid_zones
TAATTGCGCTGATTAC-1,lipid_zones
TACAAGCTGTTCACTG-1,lipid_zones
TACATTTCTAACGTGC-1,lipid_zones
TACCGGCTCACTGCCC-1,lipid_zones
TACCGGTCGTTTCCAT-1,lipid_zones
TACGACGCTTGCTGCG-1,lipid_zones
TACGATGTTGATCATC-1,lipid_zones
TACGCTATAGAAACCT-1,lipid_zones
TACGCTCCTAGAACTG-1,lipid_zones
TACGTGGGCCCAGGGC-1,lipid_zones
TACTTAAACATGTACA-1,lipid_zones
TAGACGAAACGCCAAT-1,lipid_zones
TAGATCCGAAGTCGCA-1,lipid_zones
TAGCCATTTCAAAGTC-1,lipid_zones
TAGCCGGCGGTCAGCG-1,lipid_zones
TAGGAACAGCCTCCAG-1,lipid_zones
TAGGTGTTCCACAGAT-1,lipid_zones
TAGTCCCGGAGACCAC-1,lipid_zones
TAGTCCGCAGAGAATG-1,lipid_zones
TAGTCCTGCACTAAGC-1,lipid_zones
TATAAATCCACAAGCT-1,lipid_zones
TATCTTGCAATACAAC-1,lipid_zones
TATGTAAAGTGCTTAA-1,lipid_zones
TATTATGTTTGCCTGC-1,lipid_zones
TATTCCGAGCTGTTAT-1,lipid_zones
TATTCCGGCAGTCCTA-1,lipid_zones
TATTCCTCCGCCCACT-1,lipid_zones
TATTCGTGCCAGAATA-1,lipid_zones
TCAAAGTCACGGCGTC-1,lipid_zones
TCAACGAGGAGACAAA-1,lipid_zones
TCAGACGCTATAGAAG-1,lipid_zones
TCAGTAGGGACTATAA-1,lipid_zones
TCATCCCAGAGGGTGG-1,lipid_zones
TCATCGATGGTCCCAA-1,lipid_zones
TCATGCAGGTTCTCAT-1,lipid_zones
TCATTTAGAAGTGTGA-1,lipid_zones
TCCAACTTTAAATTCT-1,lipid_zones
TCCAGGGTATATACGA-1,lipid_zones
TCCATTCCCACTAGAG-1,lipid_zones
TCCCACGGAGGGAGCT-1,lipid_zones
TCCCGGGTGTGCTGCT-1,lipid_zones
TCCCGTCGCGTCATAG-1,lipid_zones
TCCCTAGATCAATAGG-1,lipid_zones
TCCCTTAGATTACTCG-1,lipid_zones
TCCGACCGCTAATCAA-1,lipid_zones
TCCGATAATTGCCATA-1,lipid_zones
TCCTAACCGTCGGGCA-1,lipid_zones
TCCTAGCAAAGAAGCT-1,lipid_zones
TCCTCCTAAGACATTC-1,lipid_zones
TCCTGGCGCTGCCTGG-1,lipid_zones
TCCTTCAGTGGTCGAA-1,lipid_zones
TCGAATATCCCGCAGG-1,lipid_zones
TCGACATAGCGTAGCG-1,lipid_zones
TCGCAAAGATGCATTT-1,lipid_zones
TCGCCCAACTGACTCC-1,lipid_zones
TCGCGCGTTTACATGA-1,lipid_zones
TCGGACGCCCAGCCCA-1,lipid_zones
TCGGAGAGTATCGGGA-1,lipid_zones
TCGGGCACTTCTGGAT-1,lipid_zones
TCGTGTACTATGGATG-1,lipid_zones
TCGTGTCACGCTGACA-1,lipid_zones
TCGTTGCTATCCGGTC-1,lipid_zones
TCTACGGGCTCAGTTG-1,lipid_zones
TCTAGCATGCCCAGAA-1,lipid_zones
TCTCGAGGAGGTTCGC-1,lipid_zones
TCTGAGCAATTGACTG-1,lipid_zones
TCTGGGAACCTTTGAA-1,lipid_zones
TCTGTGCCATCATAGT-1,lipid_zones
TCTGTGGCTACATTTC-1,lipid_zones
TCTTAGAGTGAACTCT-1,lipid_zones
TCTTCGATACCAATAA-1,lipid_zones
TCTTGATGCGTAGCGA-1,lipid_zones
TCTTGGTAACACCAAA-1,lipid_zones
TGAAACCTCAACTCAC-1,lipid_zones
TGAAAGGACCTGACTC-1,lipid_zones
TGAATGAGTGTTTCCC-1,lipid_zones
TGACAGAAATCTTGCT-1,lipid_zones
TGACCAAATCTTAAAC-1,lipid_zones
TGACGAATATTTCCCT-1,lipid_zones
TGACTATAATCCTTTC-1,lipid_zones
TGAGCCATACAGTCTC-1,lipid_zones
TGAGTGCCTCTTAAAT-1,lipid_zones
TGATACATTTAGCCGT-1,lipid_zones
TGATCACCACACTGAC-1,lipid_zones
TGCAAACCCACATCAA-1,lipid_zones
TGCAATCTAACACGGT-1,lipid_zones
TGCAGAGTACCGAGCA-1,lipid_zones
TGCAGATCGTCCTAGG-1,lipid_zones
TGCAGCTACGTACTTC-1,lipid_zones
TGCAGTGAGGCTCGGG-1,lipid_zones
TGCATGGATCGGATCT-1,lipid_zones
TGCCAAAGTCAGACTT-1,lipid_zones
TGCCAATGGGTACTCT-1,lipid_zones
TGCCCGTACCGTTAAA-1,lipid_zones
TGCGACACCCTAGTGC-1,lipid_zones
TGCGACGGCCGAACGT-1,lipid_zones
TGCGCAAAGCATTTGG-1,lipid_zones
TGCGGTGAAATTTCAT-1,lipid_zones
TGCGTAAGAACCTGAT-1,lipid_zones
TGCTAAGTGTCTATTT-1,lipid_zones
TGCTATACAAACGGAC-1,lipid_zones
TGCTATGGCAAAGGGA-1,lipid_zones
TGCTTAGAGAGAATGC-1,lipid_zones
TGCTTCCCAAGCAGTA-1,lipid_zones
TGGACCAATCTAAGAT-1,lipid_zones
TGGAGGGAAACACCTC-1,lipid_zones
TGGCTTTGGGTAGACA-1,lipid_zones
TGGGCCACAAGAGCGC-1,lipid_zones
TGGGTGGGATGTCATT-1,lipid_zones
TGGTAGAATATATGGG-1,lipid_zones
TGTAGTGATCTATAAT-1,lipid_zones
TGTATCAGACTGAAGC-1,lipid_zones
TGTCCGCAAACAATTC-1,lipid_zones
TGTGACTAGAGTTTGC-1,lipid_zones
TGTGATTCCAGCGCTT-1,lipid_zones
TGTGGAGGAAGCTTAA-1,lipid_zones
TGTGGCGGGCTTCTGG-1,lipid_zones
TGTGGTTGCTAAAGCT-1,lipid_zones
TTAAAGGCGATGCTCG-1,lipid_zones
TTAACTTCAGGTAGGA-1,lipid_zones
TTAAGATAGGATTGAC-1,lipid_zones
TTAAGTATTGTTATCC-1,lipid_zones
TTAATGTAGACCAGGT-1,lipid_zones
TTAATTGCTTTGGGTG-1,lipid_zones
TTAATTTCAGACGCGG-1,lipid_zones
TTACATCGTGGCCTGG-1,lipid_zones
TTACCCATTGCCGGGT-1,lipid_zones
TTACTGGGATATTTCA-1,lipid_zones
TTACTGTTTCTCTACG-1,lipid_zones
TTAGACACGATCGTTG-1,lipid_zones
TTATAGATGCACATTA-1,lipid_zones
TTATAGGTAATTGTCT-1,lipid_zones
TTATCCTCAAGGAATA-1,lipid_zones
TTATTAGAGCGTGTTC-1,lipid_zones
TTCACGGTCGTCACGT-1,lipid_zones
TTCACTTCCTAGAACG-1,lipid_zones
TTCCAGTGGGTTTCGT-1,lipid_zones
TTCCCGACGCTTCACT-1,lipid_zones
TTCCGCGTGAGGCGAT-1,lipid_zones
TTCCGGCCTTGAGGCT-1,lipid_zones
TTCCTCGAGGGTGTCT-1,lipid_zones
TTCGCACTGTACGACA-1,lipid_zones
TTCTACCTCAATCGGT-1,lipid_zones
TTCTACCTTTATGTTG-1,lipid_zones
TTCTGCCGCGCCTAGA-1,lipid_zones
TTCTTAGTGGCTCAGA-1,lipid_zones
TTCTTCCCTTTGATAT-1,lipid_zones
TTCTTCGCAATAGAGC-1,lipid_zones
TTGAACGACGTGCTGA-1,lipid_zones
TTGACCAGGAACAACT-1,lipid_zones
TTGAGAAGTTTAGCAT-1,lipid_zones
TTGATAGTCAATACAT-1,lipid_zones
TTGATGCCGCTCGTCG-1,lipid_zones
TTGCCCTGATCACGGG-1,lipid_zones
TTGCCGCTTTCTAGTA-1,lipid_zones
TTGCCTAATCCAAAGT-1,lipid_zones
TTGCCTTCTCGCCGGG-1,lipid_zones
TTGCGGCATCAGAAAG-1,lipid_zones
TTGCGGCGACTCATGC-1,lipid_zones
TTGCTCATAGTACGTG-1,lipid_zones
TTGGACCATCTGGCAA-1,lipid_zones
TTGGCCTAGAATTTCG-1,lipid_zones
TTGGGACGTAAGAGTT-1,lipid_zones
TTGTAAGGACCTAAGT-1,lipid_zones
TTGTGCAGCCACGTCA-1,lipid_zones
TTGTTTCATTAGTCTA-1,lipid_zones
