Barcode,manual_discard
AAACGAAGATGGAGTA-1,manual_discard
AAACGCTGGGCACGAC-1,manual_discard
AAAGACATGAAGTTTA-1,manual_discard
AAAGGTCAACGACATG-1,manual_discard
AAATCGCGGAAGGAGT-1,manual_discard
AAATGACTGATCAAAC-1,manual_discard
AACATTGGTCAGCCGT-1,manual_discard
AACCCGCTGTATTCCA-1,manual_discard
AACCTAAAGCCGTCCG-1,manual_discard
AACGACCTCCTAGCCG-1,manual_discard
AACGTCATCCGGCTTG-1,manual_discard
AACGTCGCTGCACTTC-1,manual_discard
AACGTTCTACCATTGT-1,manual_discard
AACTCGATAAACACGT-1,manual_discard
AAGACTCACGCCCACT-1,manual_discard
AAGGGTTAGCCATGCG-1,manual_discard
AATACCTGATGTGAAC-1,manual_discard
AATATCCTAGCAAACT-1,manual_discard
AATCCCGCTCAGAGCC-1,manual_discard
AATCGGTATAGCCCTC-1,manual_discard
AATTCCAACTTGGTGA-1,manual_discard
ACAAACCGACAAGGCG-1,manual_discard
ACAAACTCCATCAGAG-1,manual_discard
ACAAGGCCTACCAGCC-1,manual_discard
ACACATTGACGCAACA-1,manual_discard
ACACATTTCCGTAGAC-1,manual_discard
ACAGGAGGCGCAGCCG-1,manual_discard
ACATACAATCAAGCGG-1,manual_discard
ACATGGCTCAATTTAG-1,manual_discard
ACCACACGGTTGATGG-1,manual_discard
ACCGTCCACTGGGCCC-1,manual_discard
ACCTCAGCGAGGCGCA-1,manual_discard
ACGAGTCGCCGGCGTT-1,manual_discard
ACGCCACTCGAAACAG-1,manual_discard
ACGCTACTGAATGGGC-1,manual_discard
ACGCTTAGTGTCTCTC-1,manual_discard
ACGTGACAAAGTAAGT-1,manual_discard
ACGTTCACTATGCCGC-1,manual_discard
ACGTTTCGGTGCACTT-1,manual_discard
ACTGATTTAGTGATTC-1,manual_discard
ACTGCTCGGAAGGATG-1,manual_discard
ACTGGGATGCCAGTGC-1,manual_discard
ACTTCCAGTGGAAGCT-1,manual_discard
ACTTGGGCTTTCGCCA-1,manual_discard
ACTTGTTACCGGATCA-1,manual_discard
AGAACTGTACTTTGTA-1,manual_discard
AGAATACAGGCTATCC-1,manual_discard
AGACGGGATTGGTATA-1,manual_discard
AGAGTCTTAATGAAAG-1,manual_discard
AGCAGTCGAAGCATGC-1,manual_discard
AGCCCGCACTACAATG-1,manual_discard
AGCGACTTTGAAGACA-1,manual_discard
AGCGGTTGAGATGTAC-1,manual_discard
AGCTAAGCTCCGTCCG-1,manual_discard
AGCTACGAATGGTGGT-1,manual_discard
AGCTTCAATACTTTGA-1,manual_discard
AGGAGCGTTTATTATC-1,manual_discard
AGGCTTAAGTTGCACA-1,manual_discard
AGGGTCTGGACGCAGT-1,manual_discard
AGTAACTATAGCAGCC-1,manual_discard
AGTAAGGGACAGAATC-1,manual_discard
AGTAATCTAAGGGTGG-1,manual_discard
AGTCGAATTAGCGTAA-1,manual_discard
AGTGGCCCGCAAATGG-1,manual_discard
AGTTATTCAGACTGTG-1,manual_discard
ATACGAGGTTTGTAAG-1,manual_discard
ATAGATTTGCAGTCGG-1,manual_discard
ATAGCCATAACAGTCA-1,manual_discard
ATATACATGTATGGTA-1,manual_discard
ATATCAATTCCAGCCT-1,manual_discard
ATATGTCTAGAGCGTG-1,manual_discard
ATCAAAGAGCCGTGGT-1,manual_discard
ATCATAGATCGACGAG-1,manual_discard
ATCCGGACCAGCCTGA-1,manual_discard
ATCGCCGTGGTTCATG-1,manual_discard
ATCGTCCAATCGAGTC-1,manual_discard
ATCTATCGATGATCAA-1,manual_discard
ATCTCATAAACCTACC-1,manual_discard
ATGGAAATTTAAGGAG-1,manual_discard
ATGGACTGCTTAGTTG-1,manual_discard
ATGGCCCGAAAGGTTA-1,manual_discard
ATGGTATTGGGAACCG-1,manual_discard
ATGTCATAATAAACGA-1,manual_discard
ATGTTTGTAAGATCAT-1,manual_discard
ATTCAGATGAATCCCT-1,manual_discard
ATTCGTCCCGAGGTTA-1,manual_discard
ATTCGTGTACCCATTC-1,manual_discard
ATTCGTTTATCGTATT-1,manual_discard
ATTGAATTCCCTGTAG-1,manual_discard
ATTGATCACCACATTT-1,manual_discard
ATTGGTTGTGCATTAC-1,manual_discard
ATTTATACTGGTAAAG-1,manual_discard
CAAATGCGGAGTGTTC-1,manual_discard
CAACGATCGATCCAAT-1,manual_discard
CAAGTCGTTGAAATCT-1,manual_discard
CAATATGTAGATTTAC-1,manual_discard
CAATCCATTATCCGTT-1,manual_discard
CAATGACCCTTAATTT-1,manual_discard
CAATTGGGCCGCACTC-1,manual_discard
CAATTTGACCGGGAAG-1,manual_discard
CACAAACCGCAGAACT-1,manual_discard
CACCAATCATCCGTCT-1,manual_discard
CACCCGCGTTTGACAC-1,manual_discard
CACCGATGATGGGTAC-1,manual_discard
CACCGGGCATCACAAG-1,manual_discard
CACGACCACAGACTTT-1,manual_discard
CAGAGCGATGGATGCT-1,manual_discard
CAGATGTTTGTCCCAA-1,manual_discard
CAGGGCTAACGAAACC-1,manual_discard
CATACACAAAGTCAGC-1,manual_discard
CATAGTGGGCACGCCT-1,manual_discard
CATCCCGAGATTCATA-1,manual_discard
CATGGCTCCCTATGTC-1,manual_discard
CCAATAGATTTCATCT-1,manual_discard
CCACATGGCTCTTTAT-1,manual_discard
CCACTTTCCTTCTAGG-1,manual_discard
CCAGTTCGGTAACTCA-1,manual_discard
CCATAACCTGTGCAGT-1,manual_discard
CCATACTCGCCTCTCC-1,manual_discard
CCATCATAAGAACAGG-1,manual_discard
CCCACTCCACGGTATC-1,manual_discard
CCCAGATTCCCGTGAC-1,manual_discard
CCCAGGAAGAATTCGA-1,manual_discard
CCCATTATTGTATCCT-1,manual_discard
CCCGCAAATAATCATC-1,manual_discard
CCCGCTAGAGGGTTAA-1,manual_discard
CCCGGCACGTGTCAGG-1,manual_discard
CCCGTGGGTTAATTGA-1,manual_discard
CCCTACCCACACCCAG-1,manual_discard
CCCTAGCTCTAAGGTC-1,manual_discard
CCCTAGGCAACAAGAG-1,manual_discard
CCCTGGGAGGGATCCT-1,manual_discard
CCGATTGGTCAATGAA-1,manual_discard
CCGGAAGTGCAATATG-1,manual_discard
CCGGCCGCGAGCATAT-1,manual_discard
CCGGTGCGAGTGATAG-1,manual_discard
CCGTTTCCTTTCCGTG-1,manual_discard
CCTACAGTTGAGGGAG-1,manual_discard
CCTCAACGATCGCTGT-1,manual_discard
CCTGATTCGCGAAGAA-1,manual_discard
CCTGCTACAACCATAC-1,manual_discard
CCTGTGCATAGGAGAC-1,manual_discard
CCTGTGCGGATTGTAA-1,manual_discard
CCTTAAGTACGCAATT-1,manual_discard
CGAAGATCAGTTTCAT-1,manual_discard
CGAATTCCCGGTTCAA-1,manual_discard
CGACCTACTAGACAAT-1,manual_discard
CGAGACTACTGCTGCT-1,manual_discard
CGATCGAGAAGCACCA-1,manual_discard
CGCCCTTACATCCACC-1,manual_discard
CGCGGGAATTCCTTTC-1,manual_discard
CGCTTTCCGCCAAGGT-1,manual_discard
CGGACCTCTGTAGTTA-1,manual_discard
CGGAGTCCTAACCTGG-1,manual_discard
CGGTAACAAGATACAT-1,manual_discard
CGTAAATAACAAAGGG-1,manual_discard
CGTAATATGGCCCTTG-1,manual_discard
CGTCCTCATCGCGTGC-1,manual_discard
CGTGCACACCACTGTA-1,manual_discard
CGTTAAATACGACCAG-1,manual_discard
CGTTATCATACTTCCA-1,manual_discard
CGTTTCGGTTATATGC-1,manual_discard
CTAAAGGATGAGATAC-1,manual_discard
CTAATGCGCCCAACAA-1,manual_discard
CTATACTTAAAGCGAG-1,manual_discard
CTATCACAACGCTGGA-1,manual_discard
CTCACCAGTACAAGTG-1,manual_discard
CTCAGAGCTAATGTCG-1,manual_discard
CTCATAAATGTGTATA-1,manual_discard
CTCATTCGTGAACATC-1,manual_discard
CTCGTGGCACTGAAAG-1,manual_discard
CTCTGTCCATGCACCA-1,manual_discard
CTCTGTGCCTGCTATG-1,manual_discard
CTGCAGGGTGACGCTC-1,manual_discard
CTGCAGGTGCTCGGCC-1,manual_discard
CTGCTCTCAACACACC-1,manual_discard
CTGCTCTGACGGCAAA-1,manual_discard
CTGGCGATTTACATGT-1,manual_discard
CTGGGCACTAGTCGGA-1,manual_discard
CTGGGCTACTGGAGAG-1,manual_discard
CTTAACTTACAGTATA-1,manual_discard
CTTAAGCAGCGAGCCG-1,manual_discard
CTTAATCGACTTAGTA-1,manual_discard
CTTACATAGATTTCTT-1,manual_discard
CTTACTGACTCCTCTG-1,manual_discard
CTTAGATGTTTCATCC-1,manual_discard
CTTCAGTTGGACAACG-1,manual_discard
CTTCCTGCATATTTAC-1,manual_discard
CTTGTGAGGACAGCGG-1,manual_discard
CTTTATCCGACGCATG-1,manual_discard
CTTTGAAACATATTCC-1,manual_discard
CTTTGACGTCGCTTCT-1,manual_discard
GAACGTTTGTATCCAC-1,manual_discard
GAAGGACTAAATTGAA-1,manual_discard
GAAGGGTCATTAAGAC-1,manual_discard
GACACCCAAAGACGCG-1,manual_discard
GACAGAGGTCTTCAGT-1,manual_discard
GACAGGTAATCCGTGT-1,manual_discard
GACCGACCGCTAATAT-1,manual_discard
GACGGGCATCGAATTT-1,manual_discard
GACTCTAGAGTTCCAA-1,manual_discard
GACTTCAACGCATCAA-1,manual_discard
GAGCTCAACATGAGCG-1,manual_discard
GAGGTCCGTTCGCTGT-1,manual_discard
GAGTCCACCAGGTTTA-1,manual_discard
GAGTCTTGTAAAGGAC-1,manual_discard
GAGTTCTGTGGGTGCT-1,manual_discard
GATAGATAGTACAGTC-1,manual_discard
GATATCAAGCAGGAGC-1,manual_discard
GATATCAGTATGTATC-1,manual_discard
GATCTAACCGTATTCA-1,manual_discard
GATTAGAAACAAGCGT-1,manual_discard
GATTATCTTGCATTAT-1,manual_discard
GATTCTGTTAATGAGT-1,manual_discard
GATTTGCGCTAACACC-1,manual_discard
GCAAGCTGGAAACCGC-1,manual_discard
GCACCTAGGCGAGTCC-1,manual_discard
GCACGCCGATTCCCGC-1,manual_discard
GCATGACACAAAGGAA-1,manual_discard
GCCACCCATTCCACTT-1,manual_discard
GCCCATGGGTGCAATG-1,manual_discard
GCCCGTCAAGCCCAAT-1,manual_discard
GCCCTAAGTGCAGGAT-1,manual_discard
GCCGCTAGATACGCAG-1,manual_discard
GCCTGTCCCGGTGCAT-1,manual_discard
GCGAATGGACTAGCGA-1,manual_discard
GCGACGGTAGTCTCCT-1,manual_discard
GCGCGTTTAAATCGTA-1,manual_discard
GCGGATTACTTGTTCT-1,manual_discard
GCGGGCAGACGGGTGA-1,manual_discard
GCGGTCTTGCTTTCAC-1,manual_discard
GCGTCGTAACATGGTC-1,manual_discard
GCTAAGCCCAGTATGC-1,manual_discard
GCTAGCAACGCACCTA-1,manual_discard
GCTATAAGGGCCAGGA-1,manual_discard
GCTCCGGACGTTGATA-1,manual_discard
GCTGGGTCCGCTGTTA-1,manual_discard
GCTGTCTGTGATCGAC-1,manual_discard
GCTTCCATGTAACCGC-1,manual_discard
GCTTCCCGTAAGCTCC-1,manual_discard
GCTTGAGTGACCTCTG-1,manual_discard
GCTTTACACAACTGGG-1,manual_discard
GGAAAGTCTTGATTGT-1,manual_discard
GGAACTCGTGAATACG-1,manual_discard
GGAAGGACACCGTATA-1,manual_discard
GGACACCTCGGTGTTG-1,manual_discard
GGAGACATTCACGGGC-1,manual_discard
GGAGGAGTGTGTTTAT-1,manual_discard
GGATCAGAGCCATCAG-1,manual_discard
GGATTGAAGTAGCCTC-1,manual_discard
GGCACGCTGCTACAGT-1,manual_discard
GGCACTGCGGTGGTTT-1,manual_discard
GGCATTCCCTCCCTCG-1,manual_discard
GGCATTGAACATCTCA-1,manual_discard
GGCCAATTGTATAGAC-1,manual_discard
GGCGCACAGTTTACCT-1,manual_discard
GGCTGTCCTACTGCGG-1,manual_discard
GGCTTGGCTCTCACCT-1,manual_discard
GGGATTATCTCACAAC-1,manual_discard
GGGCACTATTGACCAT-1,manual_discard
GGGCTACTATTTCGTG-1,manual_discard
GGGTACACTCTGGAGG-1,manual_discard
GGGTCACGTGCTTATG-1,manual_discard
GGTAACCGGCAAAGGT-1,manual_discard
GGTAGGCCAATATCAC-1,manual_discard
GGTATCAAGCATAGAA-1,manual_discard
GGTCCCATAACATAGA-1,manual_discard
GGTGATGAAGGAAGTG-1,manual_discard
GGTGGGATTAGGTCCC-1,manual_discard
GGTTACCGCTCCCTAC-1,manual_discard
GGTTCCACCCGCTTCT-1,manual_discard
GGTTCCGTACGACTAA-1,manual_discard
GGTTCGCATTTGCCGT-1,manual_discard
GTAACAGGTTAACGGC-1,manual_discard
GTACTACGGCCTCGTT-1,manual_discard
GTAGCTAGTAAGCGCG-1,manual_discard
GTATCGGGACGAGCTG-1,manual_discard
GTCCCAATCATCCCGC-1,manual_discard
GTCCTACTCTACGGGC-1,manual_discard
GTCGGGTGAAGTACCG-1,manual_discard
GTCTCCCGAGTCCCGT-1,manual_discard
GTCTGCCGACTCGACG-1,manual_discard
GTCTTACCACGCCAAG-1,manual_discard
GTGAGTCGACTAATAG-1,manual_discard
GTGCTATCCAGCTGGA-1,manual_discard
GTGGCGGGCCGTAGCT-1,manual_discard
GTGGCGTGCACCAGAG-1,manual_discard
GTGGGTCTTCTTTGCG-1,manual_discard
GTTAATAGCGTCATTA-1,manual_discard
GTTACCAAGGCGTACG-1,manual_discard
GTTCGGTGTGGATTTA-1,manual_discard
GTTCTTGTAACTCAAT-1,manual_discard
GTTTGTTAGCCAAGTA-1,manual_discard
TAACAGGTTCCCTTAG-1,manual_discard
TAAGTCGGTGAGCTAG-1,manual_discard
TAATCAGGAATGCTGC-1,manual_discard
TACAACAGCGCATACA-1,manual_discard
TACCCTCGGTAACCCT-1,manual_discard
TACCTCACCAATTGTA-1,manual_discard
TACGATCCAAGCCACT-1,manual_discard
TACGCTGCACGGTCGT-1,manual_discard
TACTCACAACGTAGTA-1,manual_discard
TACTCATTGACGCATC-1,manual_discard
TACTGCATGATTAAAT-1,manual_discard
TAGAACGCCAGTAACG-1,manual_discard
TAGAGGGAGTTTATCT-1,manual_discard
TAGAGTGTTCCGGGTA-1,manual_discard
TAGATTCTCTAGCAAA-1,manual_discard
TAGCAGATACTTAGGG-1,manual_discard
TAGCCAGAGGGTCCGG-1,manual_discard
TAGCTCACTGTGTTTG-1,manual_discard
TAGGAGGCTCGAGAAC-1,manual_discard
TAGGATCTTAACCGCA-1,manual_discard
TAGTAGTTGCCGGACA-1,manual_discard
TAGTCTGCGGCACATT-1,manual_discard
TAGTGACAAGCTCTAC-1,manual_discard
TATCCCTCGATCTGCA-1,manual_discard
TATGACCTTGCGCTGG-1,manual_discard
TCAAAGAGCTATCTGT-1,manual_discard
TCAAATTATGTTCGAC-1,manual_discard
TCAATATACAGGAGGC-1,manual_discard
TCAATCCGGGAAGTTT-1,manual_discard
TCACTATCCCTTCGGT-1,manual_discard
TCAGAACGGCGGTAAT-1,manual_discard
TCAGAGGACGCGTTAG-1,manual_discard
TCAGCGCACGCCGTTT-1,manual_discard
TCAGGGCGACTTCCTT-1,manual_discard
TCATGGAGGCCTTTGT-1,manual_discard
TCCACCAAGACATAGG-1,manual_discard
TCCCAATATCGACGAC-1,manual_discard
TCCGGGCCACTAACGG-1,manual_discard
TCCTTCAATCCCTACG-1,manual_discard
TCGAATCGCAGGGTAG-1,manual_discard
TCGACTGACGATGGCT-1,manual_discard
TCGAGTCTACGATTCG-1,manual_discard
TCGCCGGAGAGTCTTA-1,manual_discard
TCGCCGGATGGGCAAG-1,manual_discard
TCGCCTCCTTCGGCTC-1,manual_discard
TCGGCAGGGTTAAGGG-1,manual_discard
TCGTATCACCAAGCTA-1,manual_discard
TCGTATTTCGTCCGGA-1,manual_discard
TCGTTGACAGGGTCCC-1,manual_discard
TCTAACCTAGCCTGCG-1,manual_discard
TCTACCCGCATCATTT-1,manual_discard
TCTATCCGATTGCACA-1,manual_discard
TCTCAGGCTACTCGCT-1,manual_discard
TCTGACTGTAATGGTT-1,manual_discard
TCTTTCGGCGGGACAC-1,manual_discard
TGAACACCCGAAGCAG-1,manual_discard
TGACCCAGCATTCCCG-1,manual_discard
TGAGTGTAACAACGGG-1,manual_discard
TGATCTATCACACTCT-1,manual_discard
TGCAAACGTACTAGTT-1,manual_discard
TGCATGAGTAGATTCG-1,manual_discard
TGCATGGCAGTCTTGC-1,manual_discard
TGCCGATGTCATCAAT-1,manual_discard
TGCCGTTCTTAATCGG-1,manual_discard
TGCGAGAAACGTTACG-1,manual_discard
TGCGGTCTACGAGTAA-1,manual_discard
TGGATGGCATCTTGGA-1,manual_discard
TGGCTTATGTATAATG-1,manual_discard
TGGGCCTTGCCTGCAT-1,manual_discard
TGGTCGATATACCTCT-1,manual_discard
TGGTCGTTTGATAGAT-1,manual_discard
TGGTGCCCTGCCTTAC-1,manual_discard
TGGTGTGACAGACGAT-1,manual_discard
TGTACGCTATCAGCTT-1,manual_discard
TGTACTATCGCTCGTT-1,manual_discard
TGTACTTCCGGGCATG-1,manual_discard
TGTCGTGGGTATAGGC-1,manual_discard
TGTGATTCCAGCGCTT-1,manual_discard
TGTGCCAGAGGCAAAG-1,manual_discard
TGTGTCGAAGTCGAGG-1,manual_discard
TGTGTGACCATGAATC-1,manual_discard
TGTTAACAAAGTGACT-1,manual_discard
TGTTCTCATACTATAG-1,manual_discard
TTAACCCGAGGCGTGT-1,manual_discard
TTAACTGATCGTTTGG-1,manual_discard
TTACGTAGCGCGTGCT-1,manual_discard
TTACTGTTTCTCTACG-1,manual_discard
TTAGAGGGATATACAG-1,manual_discard
TTAGCGAATAGATAGG-1,manual_discard
TTAGGTGTGACTGGTC-1,manual_discard
TTATTTAGGTTCCTTA-1,manual_discard
TTCCACATTTCTCGTC-1,manual_discard
TTCCAGTGGGTTTCGT-1,manual_discard
TTCCCAAAGTACTGAT-1,manual_discard
TTCCCGACGCTTCACT-1,manual_discard
TTCGTGCATGTTATAG-1,manual_discard
TTCTTCCCTTTGATAT-1,manual_discard
TTGAAGTGCATCTACA-1,manual_discard
TTGCAGGTCATGAAGT-1,manual_discard
TTGCGCACAACCACGT-1,manual_discard
TTGCGGAAAGCTGCCC-1,manual_discard
TTGTAACTTCATAGCG-1,manual_discard
TTGTCACCGCGGTATC-1,manual_discard
TTGTCTCGGCAAGATG-1,manual_discard
